/*******************************************************************************
 * Size: 80 px
 * Bpp: 8
 * Opts: --bpp 8 --size 80 --no-compress --font ../../Downloads/14-segment-led-cufonfonts/14 Segment LED Regular.ttf --symbols 0123456789. --format lvgl
 ******************************************************************************/

#ifdef __has_include
    #if __has_include("lvgl.h")
        #ifndef LV_LVGL_H_INCLUDE_SIMPLE
            #define LV_LVGL_H_INCLUDE_SIMPLE
        #endif
    #endif
#endif

#ifdef LV_LVGL_H_INCLUDE_SIMPLE
    #include "lvgl.h"
#else
    #include "../../lvgl/lvgl.h"
#endif

#ifndef UI_FONT_ROBOT
#define UI_FONT_ROBOT 1
#endif

#if UI_FONT_ROBOT

/*-----------------
 *    BITMAPS
 *----------------*/

/*Store the image of the glyphs*/
static LV_ATTRIBUTE_LARGE_CONST const uint8_t glyph_bitmap[] = {
    /* U+002E "." */
    0xff, 0xff, 0xff, 0xff, 0xff, 0xff, 0xff, 0xff,
    0xff, 0xff, 0xff, 0xff, 0xff, 0xff, 0xff, 0xff,
    0xff, 0xff, 0xff, 0xff, 0xff, 0xff, 0xff, 0xff,
    0xff, 0xff, 0xff, 0xff, 0xff, 0xff, 0xff, 0xff,
    0xff, 0xff, 0xff, 0xff, 0xff, 0xff, 0xff, 0xff,
    0xff, 0xff, 0xff, 0x90, 0xff, 0xff, 0xff, 0xff,
    0xff, 0xff, 0xff, 0xff, 0xff, 0xff, 0xff, 0xff,
    0xff, 0xff, 0xff, 0xff, 0xff, 0xff, 0xff, 0xff,
    0xff, 0xff, 0xff, 0xff, 0xff, 0xff, 0xff, 0xff,
    0xff, 0xff, 0xff, 0xff, 0xff, 0xff, 0xff, 0xff,
    0xff, 0xff, 0xff, 0xff, 0xff, 0xff, 0xff, 0x90,
    0xff, 0xff, 0xff, 0xff, 0xff, 0xff, 0xff, 0xff,
    0xff, 0xff, 0xff, 0xff, 0xff, 0xff, 0xff, 0xff,
    0xff, 0xff, 0xff, 0xff, 0xff, 0xff, 0xff, 0xff,
    0xff, 0xff, 0xff, 0xff, 0xff, 0xff, 0xff, 0xff,
    0xff, 0xff, 0xff, 0xff, 0xff, 0xff, 0xff, 0xff,
    0xff, 0xff, 0xff, 0x90, 0xff, 0xff, 0xff, 0xff,
    0xff, 0xff, 0xff, 0xff, 0xff, 0xff, 0xff, 0xff,
    0xff, 0xff, 0xff, 0xff, 0xff, 0xff, 0xff, 0xff,
    0xff, 0xff, 0xff, 0xff, 0xff, 0xff, 0xff, 0xff,
    0xff, 0xff, 0xff, 0xff, 0xff, 0xff, 0xff, 0xff,
    0xff, 0xff, 0xff, 0xff, 0xff, 0xff, 0xff, 0x90,
    0xff, 0xff, 0xff, 0xff, 0xff, 0xff, 0xff, 0xff,
    0xff, 0xf4, 0xe3, 0xd0, 0xd0, 0xd3, 0xd7, 0xd3,
    0xd0, 0xcd, 0xd4, 0xd7, 0xd2, 0xcf, 0xcf, 0xd7,
    0xd7, 0xd1, 0xcf, 0xcd, 0xd6, 0xda, 0xcf, 0xd0,
    0xcf, 0xfc, 0xff, 0xff, 0xff, 0xff, 0xff, 0xff,
    0xff, 0xff, 0xff, 0x90, 0xff, 0xff, 0xff, 0xff,
    0xff, 0xff, 0xff, 0xff, 0xff, 0xdf, 0xbd, 0xc6,
    0xbd, 0xb6, 0xd1, 0xb6, 0xc2, 0xbc, 0xb3, 0xd1,
    0xbc, 0xc5, 0xba, 0xbc, 0xd1, 0xbc, 0xbf, 0xbf,
    0xbf, 0xd8, 0xb6, 0xba, 0xc3, 0xef, 0xff, 0xff,
    0xff, 0xff, 0xff, 0xff, 0xff, 0xff, 0xff, 0x90,
    0xff, 0xff, 0xff, 0xff, 0xff, 0xff, 0xff, 0xde,
    0xe9, 0xff, 0xe2, 0xba, 0xbe, 0xda, 0xad, 0xe2,
    0xb7, 0xbb, 0xd9, 0xb2, 0xe2, 0xb8, 0xae, 0xe4,
    0xa8, 0xd7, 0xbb, 0xb1, 0xe4, 0xa8, 0xd7, 0xbc,
    0xf2, 0xff, 0xf2, 0xff, 0xff, 0xff, 0xff, 0xff,
    0xff, 0xff, 0xff, 0x90, 0xff, 0xff, 0xff, 0xff,
    0xff, 0xff, 0xfc, 0xd2, 0xaf, 0xfe, 0xff, 0xdf,
    0xd5, 0xb2, 0xff, 0xaa, 0xd7, 0xd2, 0xa9, 0xff,
    0xaf, 0xd4, 0xda, 0xac, 0xff, 0xb3, 0xd4, 0xdc,
    0xb4, 0xff, 0xa8, 0xfb, 0xff, 0xed, 0xff, 0xb6,
    0xff, 0xff, 0xff, 0xff, 0xff, 0xff, 0xff, 0x90,
    0xff, 0xff, 0xff, 0xff, 0xff, 0xff, 0xfc, 0xbb,
    0xd7, 0xb8, 0xf3, 0xff, 0xe5, 0xf7, 0xd6, 0xf9,
    0xe3, 0xe4, 0xf8, 0xdc, 0xf8, 0xe3, 0xe2, 0xfa,
    0xdc, 0xf6, 0xe6, 0xe1, 0xfb, 0xdb, 0xff, 0xff,
    0xe3, 0xed, 0xb1, 0xe7, 0xff, 0xff, 0xff, 0xff,
    0xff, 0xff, 0xff, 0x90, 0xff, 0xff, 0xff, 0xff,
    0xff, 0xff, 0xeb, 0xbf, 0xba, 0xd6, 0xc9, 0xff,
    0xff, 0xff, 0xff, 0xff, 0xff, 0xff, 0xff, 0xff,
    0xf9, 0xe3, 0xff, 0xff, 0xff, 0xff, 0xff, 0xff,
    0xff, 0xff, 0xff, 0xf3, 0xc4, 0xc0, 0xd1, 0xc6,
    0xff, 0xff, 0xff, 0xff, 0xff, 0xff, 0xff, 0x90,
    0xff, 0xff, 0xff, 0xff, 0xff, 0xff, 0xe2, 0xbc,
    0xb5, 0xd7, 0xbd, 0xee, 0xf2, 0xff, 0xff, 0xff,
    0xff, 0xff, 0xff, 0xff, 0xb8, 0xba, 0xdf, 0xff,
    0xff, 0xff, 0xff, 0xff, 0xff, 0xff, 0xe2, 0xd7,
    0xc6, 0xbb, 0xd3, 0xbf, 0xff, 0xff, 0xff, 0xff,
    0xff, 0xff, 0xff, 0x90, 0xff, 0xff, 0xff, 0xff,
    0xff, 0xff, 0xfb, 0xbe, 0xdc, 0xb3, 0xef, 0xfb,
    0xde, 0xff, 0xff, 0xff, 0xff, 0xff, 0xff, 0xaf,
    0xdb, 0xbb, 0xb8, 0xf9, 0xff, 0xff, 0xff, 0xff,
    0xff, 0xd5, 0xf6, 0xf5, 0xb1, 0xe7, 0xac, 0xf0,
    0xff, 0xff, 0xff, 0xff, 0xff, 0xff, 0xff, 0x90,
    0xff, 0xff, 0xff, 0xff, 0xff, 0xff, 0xe0, 0xd2,
    0xaf, 0xfe, 0xba, 0xd8, 0xd6, 0xfb, 0xff, 0xff,
    0xff, 0xff, 0xff, 0xff, 0xb4, 0xd4, 0xda, 0xff,
    0xff, 0xff, 0xff, 0xff, 0xd3, 0xff, 0xda, 0xd5,
    0xe0, 0xae, 0xfb, 0xc0, 0xff, 0xff, 0xff, 0xff,
    0xff, 0xff, 0xff, 0x90, 0xff, 0xff, 0xff, 0xff,
    0xff, 0xff, 0xe7, 0xbb, 0xce, 0xae, 0xf3, 0xf3,
    0xba, 0xda, 0xff, 0xff, 0xff, 0xff, 0xfc, 0xb1,
    0xd7, 0xbd, 0xc3, 0xff, 0xff, 0xff, 0xff, 0xe7,
    0xe9, 0xa8, 0xfb, 0xe7, 0xb3, 0xde, 0xac, 0xf4,
    0xff, 0xff, 0xff, 0xff, 0xff, 0xff, 0xff, 0x90,
    0xff, 0xff, 0xff, 0xff, 0xff, 0xff, 0xd6, 0xbe,
    0xb7, 0xd8, 0xdd, 0xe4, 0xbf, 0xb7, 0xd2, 0xff,
    0xff, 0xff, 0xee, 0xd2, 0xb9, 0xbc, 0xd0, 0xff,
    0xff, 0xff, 0xf4, 0xbe, 0xbe, 0xd4, 0xf2, 0xcb,
    0xba, 0xbc, 0xcd, 0xdf, 0xff, 0xff, 0xff, 0xff,
    0xff, 0xff, 0xff, 0x90, 0xff, 0xff, 0xff, 0xff,
    0xff, 0xff, 0xd0, 0xc0, 0xb1, 0xda, 0xe6, 0xe3,
    0xc1, 0xb0, 0xd8, 0xbd, 0xff, 0xff, 0xdd, 0xd9,
    0xb6, 0xc2, 0xd0, 0xff, 0xff, 0xf2, 0xc8, 0xc4,
    0xb5, 0xdb, 0xff, 0xc3, 0xc7, 0xc0, 0xd9, 0xe9,
    0xff, 0xff, 0xff, 0xff, 0xff, 0xff, 0xff, 0x90,
    0xff, 0xff, 0xff, 0xff, 0xff, 0xff, 0xc1, 0xc3,
    0xde, 0xb5, 0xfe, 0xfc, 0xc3, 0xe2, 0xae, 0xe4,
    0xc2, 0xff, 0xfb, 0xb8, 0xe7, 0xbd, 0xef, 0xff,
    0xf3, 0xe1, 0xc3, 0xb7, 0xe8, 0xff, 0xfc, 0xc6,
    0xb2, 0xee, 0xb3, 0xfe, 0xff, 0xff, 0xff, 0xff,
    0xff, 0xff, 0xff, 0x90, 0xff, 0xff, 0xff, 0xff,
    0xff, 0xff, 0xe1, 0xcd, 0xa9, 0xfe, 0xff, 0xff,
    0xff, 0xaa, 0xff, 0xad, 0xd8, 0xe6, 0xbe, 0xff,
    0xaa, 0xd6, 0xd8, 0xf3, 0xff, 0xac, 0xcf, 0xd8,
    0xff, 0xff, 0xff, 0xcd, 0xde, 0xb2, 0xfd, 0xff,
    0xff, 0xff, 0xff, 0xff, 0xff, 0xff, 0xff, 0x90,
    0xff, 0xff, 0xff, 0xff, 0xff, 0xf7, 0xad, 0xbc,
    0xd0, 0xb0, 0xff, 0xff, 0xff, 0xfb, 0xaf, 0xd3,
    0xba, 0xf8, 0xe9, 0xa7, 0xd9, 0xb3, 0xf4, 0xef,
    0xaf, 0xd4, 0xbe, 0xf9, 0xff, 0xff, 0xe8, 0xb9,
    0xad, 0xe1, 0xad, 0xff, 0xff, 0xff, 0xff, 0xff,
    0xff, 0xff, 0xff, 0x90, 0xff, 0xff, 0xff, 0xff,
    0xff, 0xfc, 0xbf, 0xc2, 0xba, 0xd3, 0xff, 0xff,
    0xff, 0xff, 0xed, 0xbf, 0xbf, 0xeb, 0xcc, 0xd2,
    0xc5, 0xc0, 0xe6, 0xd1, 0xd4, 0xc3, 0xfa, 0xff,
    0xff, 0xff, 0xf1, 0xbd, 0xc2, 0xc7, 0xd1, 0xff,
    0xff, 0xff, 0xff, 0xff, 0xff, 0xff, 0xff, 0x90,
    0xff, 0xff, 0xff, 0xff, 0xff, 0xfc, 0xcb, 0xba,
    0xaf, 0xdc, 0xff, 0xff, 0xff, 0xff, 0xfc, 0xc4,
    0xc0, 0xf6, 0xbd, 0xe2, 0xb0, 0xbf, 0xdf, 0xb1,
    0xde, 0xf3, 0xff, 0xff, 0xff, 0xff, 0xf6, 0xbe,
    0xc3, 0xb4, 0xda, 0xff, 0xff, 0xff, 0xff, 0xff,
    0xff, 0xff, 0xff, 0x90, 0xff, 0xff, 0xff, 0xff,
    0xff, 0xf6, 0xb6, 0xc4, 0xdf, 0xc4, 0xff, 0xff,
    0xff, 0xff, 0xff, 0xf4, 0xc7, 0xff, 0xf4, 0xae,
    0xe6, 0xbc, 0xfe, 0xfb, 0xe9, 0xff, 0xff, 0xff,
    0xff, 0xff, 0xe6, 0xc1, 0xad, 0xf3, 0xc2, 0xff,
    0xff, 0xff, 0xff, 0xff, 0xff, 0xff, 0xff, 0x90,
    0xff, 0xff, 0xff, 0xff, 0xff, 0xf2, 0xe0, 0xd3,
    0xae, 0xff, 0xff, 0xff, 0xff, 0xff, 0xff, 0xff,
    0xff, 0xff, 0xae, 0xff, 0xb0, 0xd4, 0xf3, 0xff,
    0xff, 0xff, 0xff, 0xff, 0xff, 0xff, 0xea, 0xcf,
    0xdd, 0xae, 0xff, 0xff, 0xff, 0xff, 0xff, 0xff,
    0xff, 0xff, 0xff, 0x90, 0xff, 0xff, 0xff, 0xff,
    0xff, 0xfc, 0xb3, 0xbe, 0xe9, 0xff, 0xfe, 0xfb,
    0xfa, 0xf6, 0xff, 0xf6, 0xfe, 0xff, 0xff, 0xb1,
    0xd2, 0xca, 0xff, 0xf6, 0xff, 0xf6, 0xfa, 0xfc,
    0xf6, 0xff, 0xf0, 0xbf, 0xac, 0xf9, 0xff, 0xff,
    0xff, 0xff, 0xff, 0xff, 0xff, 0xff, 0xff, 0x90,
    0xff, 0xff, 0xff, 0xff, 0xff, 0xff, 0xf0, 0xdf,
    0xff, 0xea, 0xda, 0xc2, 0xc3, 0xbe, 0xcd, 0xca,
    0xc2, 0xf8, 0xff, 0xff, 0xd2, 0xff, 0xd8, 0xc5,
    0xd0, 0xc0, 0xbf, 0xbf, 0xca, 0xcc, 0xff, 0xe6,
    0xe9, 0xff, 0xff, 0xff, 0xff, 0xff, 0xff, 0xff,
    0xff, 0xff, 0xff, 0x90, 0xff, 0xff, 0xff, 0xff,
    0xff, 0xff, 0xff, 0xff, 0xd6, 0xe2, 0xb4, 0xc5,
    0xbe, 0xaf, 0xdf, 0xb3, 0xc6, 0xcd, 0xf8, 0xff,
    0xff, 0xdd, 0xc4, 0xb4, 0xe3, 0xb0, 0xc1, 0xc7,
    0xb3, 0xda, 0xb9, 0xff, 0xff, 0xff, 0xff, 0xff,
    0xff, 0xff, 0xff, 0xff, 0xff, 0xff, 0xff, 0x90,
    0xff, 0xff, 0xff, 0xff, 0xff, 0xff, 0xff, 0xff,
    0xfb, 0xb6, 0xf2, 0xbc, 0xc5, 0xe6, 0xb6, 0xeb,
    0xc1, 0xd0, 0xf9, 0xff, 0xff, 0xf2, 0xb8, 0xed,
    0xb2, 0xe7, 0xc6, 0xb8, 0xed, 0xae, 0xfa, 0xff,
    0xff, 0xff, 0xff, 0xff, 0xff, 0xff, 0xff, 0xff,
    0xff, 0xff, 0xff, 0x90, 0xff, 0xff, 0xff, 0xff,
    0xff, 0xff, 0xe8, 0xd3, 0xff, 0xff, 0xab, 0xd5,
    0xd1, 0xad, 0xff, 0xaa, 0xe1, 0xf2, 0xff, 0xfa,
    0xff, 0xfd, 0xed, 0xac, 0xff, 0xb6, 0xd3, 0xda,
    0xb8, 0xff, 0xff, 0xe1, 0xe5, 0xff, 0xff, 0xff,
    0xff, 0xff, 0xff, 0xff, 0xff, 0xff, 0xff, 0x90,
    0xff, 0xff, 0xff, 0xff, 0xff, 0xe4, 0xac, 0xbb,
    0xdc, 0xff, 0xff, 0xff, 0xff, 0xff, 0xff, 0xff,
    0xff, 0xff, 0xe3, 0xb3, 0xe3, 0xff, 0xff, 0xff,
    0xff, 0xff, 0xff, 0xff, 0xff, 0xff, 0xd5, 0xba,
    0xae, 0xeb, 0xff, 0xff, 0xff, 0xff, 0xff, 0xff,
    0xff, 0xff, 0xff, 0x90, 0xff, 0xff, 0xff, 0xff,
    0xff, 0xcb, 0xbe, 0xbf, 0xc1, 0xff, 0xff, 0xff,
    0xff, 0xff, 0xff, 0xff, 0xff, 0xd6, 0xc0, 0xcc,
    0xc3, 0xdd, 0xff, 0xff, 0xff, 0xff, 0xff, 0xff,
    0xff, 0xff, 0xba, 0xbc, 0xbf, 0xca, 0xff, 0xff,
    0xff, 0xff, 0xff, 0xff, 0xff, 0xff, 0xff, 0x90,
    0xff, 0xff, 0xff, 0xff, 0xff, 0xb1, 0xcb, 0xbf,
    0xbd, 0xff, 0xff, 0xff, 0xff, 0xff, 0xff, 0xb2,
    0xff, 0xdb, 0xa9, 0xe6, 0xaf, 0xf0, 0xff, 0xc0,
    0xff, 0xff, 0xff, 0xff, 0xff, 0xff, 0xa4, 0xc1,
    0xc8, 0xc3, 0xff, 0xff, 0xff, 0xff, 0xff, 0xff,
    0xff, 0xff, 0xff, 0x90, 0xff, 0xff, 0xff, 0xff,
    0xe6, 0xf9, 0xb1, 0xc3, 0xe8, 0xff, 0xff, 0xff,
    0xff, 0xff, 0xab, 0xef, 0xfb, 0xc3, 0xe9, 0xae,
    0xed, 0xe1, 0xbe, 0xf2, 0xdd, 0xff, 0xff, 0xff,
    0xff, 0xea, 0xe6, 0xc6, 0xb1, 0xf7, 0xff, 0xff,
    0xff, 0xff, 0xff, 0xff, 0xff, 0xff, 0xff, 0x90,
    0xff, 0xff, 0xff, 0xff, 0xfe, 0xad, 0xdb, 0xcd,
    0xd8, 0xff, 0xff, 0xff, 0xfc, 0xb1, 0xf9, 0xac,
    0xff, 0xd7, 0xb1, 0xfa, 0xae, 0xff, 0xfc, 0xb1,
    0xfa, 0xf2, 0xff, 0xff, 0xff, 0xfd, 0xb5, 0xcb,
    0xdc, 0xd9, 0xff, 0xff, 0xff, 0xff, 0xff, 0xff,
    0xff, 0xff, 0xff, 0x90, 0xff, 0xff, 0xff, 0xff,
    0xd8, 0xd5, 0xb4, 0xb7, 0xe9, 0xff, 0xff, 0xf3,
    0xba, 0xcd, 0xb4, 0xde, 0xfb, 0xb5, 0xd0, 0xb8,
    0xca, 0xf7, 0xb7, 0xd3, 0xb8, 0xe0, 0xff, 0xff,
    0xff, 0xd9, 0xc7, 0xb7, 0xb3, 0xf3, 0xff, 0xff,
    0xff, 0xff, 0xff, 0xff, 0xff, 0xff, 0xff, 0x90,
    0xff, 0xff, 0xff, 0xff, 0xd2, 0xc6, 0xba, 0xb9,
    0xe9, 0xff, 0xfb, 0xbf, 0xbb, 0xc0, 0xcb, 0xcd,
    0xf5, 0xbb, 0xc2, 0xc9, 0xca, 0xff, 0xc8, 0xc2,
    0xcb, 0xc1, 0xd8, 0xff, 0xff, 0xd5, 0xbe, 0xb7,
    0xbb, 0xf2, 0xff, 0xff, 0xff, 0xff, 0xff, 0xff,
    0xff, 0xff, 0xff, 0x90, 0xff, 0xff, 0xff, 0xff,
    0xee, 0xb0, 0xc9, 0xbc, 0xf8, 0xff, 0xbb, 0xc9,
    0xc1, 0xae, 0xe6, 0xff, 0xda, 0xc3, 0xa6, 0xe4,
    0xae, 0xff, 0xf2, 0xb0, 0xe6, 0xa8, 0xc3, 0xdf,
    0xff, 0xe9, 0xa8, 0xbb, 0xc7, 0xfc, 0xff, 0xff,
    0xff, 0xff, 0xff, 0xff, 0xff, 0xff, 0xff, 0x90,
    0xff, 0xff, 0xff, 0xff, 0xae, 0xf2, 0xbb, 0xc4,
    0xe8, 0xc4, 0xf4, 0xbc, 0xc7, 0xe9, 0xff, 0xff,
    0xff, 0xc5, 0xea, 0xb3, 0xfc, 0xff, 0xff, 0xfd,
    0xae, 0xe7, 0xc6, 0xbd, 0xfe, 0xae, 0xe4, 0xc9,
    0xb5, 0xf7, 0xff, 0xff, 0xff, 0xff, 0xff, 0xff,
    0xff, 0xff, 0xff, 0x90, 0xff, 0xff, 0xff, 0xff,
    0xf5, 0xb3, 0xda, 0xc5, 0xfc, 0xf6, 0xab, 0xd7,
    0xd7, 0xff, 0xff, 0xff, 0xd8, 0xd4, 0xb2, 0xf8,
    0xb1, 0xff, 0xff, 0xff, 0xff, 0xb0, 0xcc, 0xd6,
    0xff, 0xf6, 0xa2, 0xc8, 0xd5, 0xff, 0xff, 0xff,
    0xff, 0xff, 0xff, 0xff, 0xff, 0xff, 0xff, 0x90,
    0xff, 0xff, 0xff, 0xff, 0xba, 0xd4, 0xb5, 0xb5,
    0xee, 0xbb, 0xcd, 0xc1, 0xff, 0xff, 0xff, 0xff,
    0xec, 0xb9, 0xd3, 0xb8, 0xe6, 0xff, 0xff, 0xff,
    0xff, 0xeb, 0xbc, 0xc6, 0xff, 0xbf, 0xca, 0xbd,
    0xb7, 0xfc, 0xff, 0xff, 0xff, 0xff, 0xff, 0xff,
    0xff, 0xff, 0xff, 0x90, 0xff, 0xff, 0xff, 0xff,
    0xc8, 0xc9, 0xbe, 0xba, 0xff, 0xca, 0xd2, 0xff,
    0xff, 0xff, 0xff, 0xff, 0xe2, 0xbe, 0xc5, 0xc5,
    0xdb, 0xff, 0xff, 0xff, 0xff, 0xff, 0xda, 0xd7,
    0xff, 0xc9, 0xc4, 0xba, 0xc4, 0xff, 0xff, 0xff,
    0xff, 0xff, 0xff, 0xff, 0xff, 0xff, 0xff, 0x90,
    0xff, 0xff, 0xff, 0xe6, 0xe9, 0xad, 0xcb, 0xbf,
    0xff, 0xeb, 0xff, 0xff, 0xff, 0xff, 0xff, 0xff,
    0xd1, 0xc2, 0xab, 0xe9, 0xf5, 0xff, 0xff, 0xff,
    0xff, 0xff, 0xf7, 0xda, 0xe1, 0xeb, 0xa6, 0xbe,
    0xd3, 0xff, 0xff, 0xff, 0xff, 0xff, 0xff, 0xff,
    0xff, 0xff, 0xff, 0x90, 0xff, 0xff, 0xff, 0xff,
    0xae, 0xf9, 0xb8, 0xe3, 0xff, 0xff, 0xff, 0xff,
    0xff, 0xff, 0xff, 0xff, 0xff, 0xc4, 0xef, 0xf7,
    0xff, 0xff, 0xff, 0xff, 0xff, 0xff, 0xff, 0xff,
    0xff, 0xb1, 0xe8, 0xcb, 0xdd, 0xff, 0xff, 0xf9,
    0xac, 0x8f, 0xc8, 0xff, 0xff, 0xff, 0xff, 0x90,
    0xff, 0xff, 0xff, 0xd3, 0xeb, 0xad, 0xda, 0xcd,
    0xff, 0xff, 0xff, 0xff, 0xff, 0xff, 0xff, 0xff,
    0xff, 0xff, 0xfa, 0xff, 0xff, 0xff, 0xff, 0xff,
    0xff, 0xff, 0xff, 0xff, 0xcf, 0xf6, 0xab, 0xc7,
    0xdd, 0xff, 0xee, 0x2d, 0x0, 0x0, 0x0, 0x79,
    0xff, 0xff, 0xff, 0x90, 0xff, 0xff, 0xff, 0xe5,
    0xbe, 0xd4, 0xbe, 0xff, 0xe7, 0xff, 0xda, 0xee,
    0xed, 0xdb, 0xff, 0xde, 0xeb, 0xe9, 0xde, 0xff,
    0xd8, 0xe9, 0xec, 0xd7, 0xff, 0xde, 0xec, 0xef,
    0xff, 0xc5, 0xc7, 0xbc, 0xe9, 0xff, 0x70, 0x0,
    0x0, 0x0, 0x0, 0x1, 0xd4, 0xff, 0xff, 0x90,
    0xff, 0xff, 0xff, 0xd3, 0xc6, 0xd6, 0xff, 0xda,
    0xc7, 0xc6, 0xc8, 0xb6, 0xbb, 0xc5, 0xc1, 0xc2,
    0xbd, 0xbd, 0xca, 0xc6, 0xca, 0xbb, 0xbc, 0xc9,
    0xc1, 0xbf, 0xbc, 0xb6, 0xf7, 0xff, 0xc4, 0xbd,
    0xee, 0xff, 0x3c, 0x0, 0x0, 0x0, 0x0, 0x0,
    0x99, 0xff, 0xff, 0x90, 0xff, 0xff, 0xff, 0xff,
    0xe6, 0xff, 0xe3, 0xc2, 0xa6, 0xe8, 0xa9, 0xc2,
    0xc2, 0xa9, 0xed, 0xae, 0xca, 0xc8, 0xb0, 0xed,
    0xab, 0xc7, 0xca, 0xae, 0xe7, 0xad, 0xc7, 0xca,
    0xad, 0xff, 0xfa, 0xf3, 0xff, 0xff, 0x5d, 0x0,
    0x0, 0x0, 0x0, 0x0, 0xb9, 0xff, 0xff, 0x90,
    0xff, 0xff, 0xff, 0xff, 0xff, 0xf6, 0xb6, 0xc7,
    0xe6, 0xb5, 0xf6, 0xbd, 0xc9, 0xeb, 0xb6, 0xf1,
    0xc3, 0xc1, 0xec, 0xb3, 0xea, 0xc3, 0xbb, 0xf3,
    0xb2, 0xe6, 0xc8, 0xc1, 0xf2, 0xb4, 0xff, 0xff,
    0xff, 0xff, 0xd7, 0xb, 0x0, 0x0, 0x0, 0x43,
    0xff, 0xff, 0xff, 0x90, 0xff, 0xff, 0xff, 0xff,
    0xff, 0xff, 0xe3, 0xcf, 0xae, 0xff, 0xa8, 0xd3,
    0xcf, 0xaf, 0xff, 0xb2, 0xd5, 0xd3, 0xb6, 0xff,
    0xa8, 0xd1, 0xd7, 0xa5, 0xff, 0xaa, 0xd3, 0xd9,
    0xa9, 0xff, 0xff, 0xff, 0xff, 0xff, 0xff, 0xda,
    0x68, 0x4b, 0x81, 0xf9, 0xff, 0xff, 0xff, 0x90,
    0xff, 0xff, 0xff, 0xff, 0xff, 0xff, 0xff, 0xff,
    0xff, 0xff, 0xff, 0xff, 0xff, 0xff, 0xff, 0xff,
    0xff, 0xff, 0xff, 0xff, 0xff, 0xff, 0xff, 0xff,
    0xff, 0xff, 0xff, 0xff, 0xff, 0xff, 0xff, 0xff,
    0xff, 0xff, 0xff, 0xff, 0xff, 0xff, 0xff, 0xff,
    0xff, 0xff, 0xff, 0x90, 0xff, 0xff, 0xff, 0xff,
    0xff, 0xff, 0xff, 0xff, 0xff, 0xff, 0xff, 0xff,
    0xff, 0xff, 0xff, 0xff, 0xff, 0xff, 0xff, 0xff,
    0xff, 0xff, 0xff, 0xff, 0xff, 0xff, 0xff, 0xff,
    0xff, 0xff, 0xff, 0xff, 0xff, 0xff, 0xff, 0xff,
    0xff, 0xff, 0xff, 0xff, 0xff, 0xff, 0xff, 0x90,
    0xff, 0xff, 0xff, 0xff, 0xff, 0xff, 0xff, 0xff,
    0xff, 0xff, 0xff, 0xff, 0xff, 0xff, 0xff, 0xff,
    0xff, 0xff, 0xff, 0xff, 0xff, 0xff, 0xff, 0xff,
    0xff, 0xff, 0xff, 0xff, 0xff, 0xff, 0xff, 0xff,
    0xff, 0xff, 0xff, 0xff, 0xff, 0xff, 0xff, 0xff,
    0xff, 0xff, 0xff, 0x90, 0xff, 0xff, 0xff, 0xff,
    0xff, 0xff, 0xff, 0xff, 0xff, 0xff, 0xff, 0xff,
    0xff, 0xff, 0xff, 0xff, 0xff, 0xff, 0xff, 0xff,
    0xff, 0xff, 0xff, 0xff, 0xff, 0xff, 0xff, 0xff,
    0xff, 0xff, 0xff, 0xff, 0xff, 0xff, 0xff, 0xff,
    0xff, 0xff, 0xff, 0xff, 0xff, 0xff, 0xff, 0x90,
    0xff, 0xff, 0xff, 0xff, 0xff, 0xff, 0xff, 0xff,
    0xff, 0xff, 0xff, 0xff, 0xff, 0xff, 0xff, 0xff,
    0xff, 0xff, 0xff, 0xff, 0xff, 0xff, 0xff, 0xff,
    0xff, 0xff, 0xff, 0xff, 0xff, 0xff, 0xff, 0xff,
    0xff, 0xff, 0xff, 0xff, 0xff, 0xff, 0xff, 0xff,
    0xff, 0xff, 0xff, 0x90, 0xff, 0xff, 0xff, 0xff,
    0xff, 0xff, 0xff, 0xff, 0xff, 0xff, 0xff, 0xff,
    0xff, 0xff, 0xff, 0xff, 0xff, 0xff, 0xff, 0xff,
    0xff, 0xff, 0xff, 0xff, 0xff, 0xff, 0xff, 0xff,
    0xff, 0xff, 0xff, 0xff, 0xff, 0xff, 0xff, 0xff,
    0xff, 0xff, 0xff, 0xff, 0xff, 0xff, 0xff, 0x90,

    /* U+0030 "0" */
    0xff, 0xff, 0xff, 0xff, 0xff, 0xff, 0xff, 0xff,
    0xff, 0xff, 0xff, 0xff, 0xff, 0xff, 0xff, 0xff,
    0xff, 0xff, 0xff, 0xff, 0xff, 0xff, 0xff, 0xff,
    0xff, 0xff, 0xff, 0xff, 0xff, 0xff, 0xff, 0xff,
    0xff, 0xff, 0xff, 0xff, 0xff, 0xff, 0xff, 0xff,
    0xff, 0xff, 0xff, 0x90, 0xff, 0xff, 0xff, 0xff,
    0xff, 0xff, 0xff, 0xff, 0xff, 0xff, 0xff, 0xff,
    0xff, 0xff, 0xff, 0xff, 0xff, 0xff, 0xff, 0xff,
    0xff, 0xff, 0xff, 0xff, 0xff, 0xff, 0xff, 0xff,
    0xff, 0xff, 0xff, 0xff, 0xff, 0xff, 0xff, 0xff,
    0xff, 0xff, 0xff, 0xff, 0xff, 0xff, 0xff, 0x90,
    0xff, 0xff, 0xff, 0xff, 0xff, 0xff, 0xff, 0xff,
    0xff, 0xff, 0xff, 0xff, 0xff, 0xff, 0xff, 0xff,
    0xff, 0xff, 0xff, 0xff, 0xff, 0xff, 0xff, 0xff,
    0xff, 0xff, 0xff, 0xff, 0xff, 0xff, 0xff, 0xff,
    0xff, 0xff, 0xff, 0xff, 0xff, 0xff, 0xff, 0xff,
    0xff, 0xff, 0xff, 0x90, 0xff, 0xff, 0xff, 0xff,
    0xff, 0xff, 0xff, 0xff, 0xff, 0xff, 0xff, 0xff,
    0xff, 0xff, 0xff, 0xff, 0xff, 0xff, 0xff, 0xff,
    0xff, 0xff, 0xff, 0xff, 0xff, 0xff, 0xff, 0xff,
    0xff, 0xff, 0xff, 0xff, 0xff, 0xff, 0xff, 0xff,
    0xff, 0xff, 0xff, 0xff, 0xff, 0xff, 0xff, 0x90,
    0xff, 0xff, 0xff, 0xff, 0xff, 0xff, 0xff, 0xff,
    0xff, 0xd7, 0x33, 0x24, 0x24, 0x24, 0x24, 0x24,
    0x24, 0x24, 0x24, 0x24, 0x24, 0x24, 0x24, 0x24,
    0x24, 0x24, 0x24, 0x24, 0x24, 0x24, 0x24, 0x24,
    0x24, 0x84, 0xff, 0xff, 0xff, 0xff, 0xff, 0xff,
    0xff, 0xff, 0xff, 0x90, 0xff, 0xff, 0xff, 0xff,
    0xff, 0xff, 0xff, 0xff, 0xff, 0x8c, 0x0, 0x0,
    0x0, 0x0, 0x0, 0x0, 0x0, 0x0, 0x0, 0x0,
    0x0, 0x0, 0x0, 0x0, 0x0, 0x0, 0x0, 0x0,
    0x0, 0x0, 0x0, 0x0, 0x0, 0x50, 0xfd, 0xff,
    0xff, 0xff, 0xff, 0xff, 0xff, 0xff, 0xff, 0x90,
    0xff, 0xff, 0xff, 0xff, 0xff, 0xff, 0xff, 0xb2,
    0x9a, 0xff, 0x71, 0x0, 0x0, 0x0, 0x0, 0x0,
    0x0, 0x0, 0x0, 0x0, 0x0, 0x0, 0x0, 0x0,
    0x0, 0x0, 0x0, 0x0, 0x0, 0x0, 0x0, 0x0,
    0x68, 0xfd, 0xa8, 0xa7, 0xff, 0xff, 0xff, 0xff,
    0xff, 0xff, 0xff, 0x90, 0xff, 0xff, 0xff, 0xff,
    0xff, 0xff, 0xef, 0x4, 0x2, 0xae, 0xfe, 0x5e,
    0x0, 0x0, 0x0, 0x0, 0x0, 0x0, 0x0, 0x0,
    0x0, 0x0, 0x0, 0x0, 0x0, 0x0, 0x0, 0x0,
    0x0, 0x0, 0x0, 0x80, 0xff, 0x99, 0x2, 0x11,
    0xff, 0xff, 0xff, 0xff, 0xff, 0xff, 0xff, 0x90,
    0xff, 0xff, 0xff, 0xff, 0xff, 0xff, 0xd5, 0x0,
    0x0, 0x8, 0xc1, 0xfb, 0xc8, 0xc8, 0xc8, 0xc8,
    0xc8, 0xc8, 0xc8, 0xc8, 0xc8, 0xc8, 0xc8, 0xc8,
    0xc8, 0xc8, 0xc8, 0xc8, 0xc8, 0xc8, 0xd1, 0xff,
    0x8a, 0x0, 0x0, 0x23, 0xff, 0xff, 0xff, 0xff,
    0xff, 0xff, 0xff, 0x90, 0xff, 0xff, 0xff, 0xff,
    0xff, 0xff, 0xbd, 0x0, 0x0, 0x0, 0x27, 0xff,
    0xff, 0xff, 0xff, 0xff, 0xff, 0xff, 0xff, 0xff,
    0xf8, 0xdc, 0xff, 0xff, 0xff, 0xff, 0xff, 0xff,
    0xff, 0xff, 0xff, 0xae, 0x0, 0x0, 0x0, 0x3c,
    0xff, 0xff, 0xff, 0xff, 0xff, 0xff, 0xff, 0x90,
    0xff, 0xff, 0xff, 0xff, 0xff, 0xff, 0xa5, 0x0,
    0x0, 0x0, 0x37, 0xee, 0xf2, 0xff, 0xff, 0xff,
    0xff, 0xff, 0xff, 0xff, 0xb3, 0xbd, 0xdc, 0xff,
    0xff, 0xff, 0xff, 0xff, 0xff, 0xfd, 0xd1, 0x88,
    0x0, 0x0, 0x0, 0x54, 0xff, 0xff, 0xff, 0xff,
    0xff, 0xff, 0xff, 0x90, 0xff, 0xff, 0xff, 0xff,
    0xff, 0xff, 0x8d, 0x0, 0x0, 0x0, 0x4f, 0xfb,
    0xdf, 0xff, 0xff, 0xff, 0xff, 0xff, 0xff, 0xaf,
    0xe2, 0xbe, 0xbb, 0xf9, 0xff, 0xff, 0xff, 0xff,
    0xff, 0x66, 0x9d, 0x70, 0x0, 0x0, 0x0, 0x6b,
    0xff, 0xff, 0xff, 0xff, 0xff, 0xff, 0xff, 0x90,
    0xff, 0xff, 0xff, 0xff, 0xff, 0xff, 0x75, 0x0,
    0x0, 0x0, 0x68, 0xd8, 0xd6, 0xfb, 0xff, 0xff,
    0xff, 0xff, 0xff, 0xff, 0xb4, 0xd4, 0xda, 0xff,
    0xff, 0xff, 0xff, 0xff, 0x78, 0x0, 0xb5, 0x58,
    0x0, 0x0, 0x0, 0x82, 0xff, 0xff, 0xff, 0xff,
    0xff, 0xff, 0xff, 0x90, 0xff, 0xff, 0xff, 0xff,
    0xff, 0xff, 0x5d, 0x0, 0x0, 0x0, 0x81, 0xf7,
    0xbd, 0xe1, 0xff, 0xff, 0xff, 0xff, 0xfc, 0xb1,
    0xde, 0xc0, 0xc6, 0xff, 0xff, 0xff, 0xff, 0x8a,
    0x0, 0x0, 0xce, 0x40, 0x0, 0x0, 0x0, 0x9a,
    0xff, 0xff, 0xff, 0xff, 0xff, 0xff, 0xff, 0x90,
    0xff, 0xff, 0xff, 0xff, 0xff, 0xff, 0x45, 0x0,
    0x0, 0x0, 0x9b, 0xe1, 0xc2, 0xb1, 0xdb, 0xff,
    0xff, 0xff, 0xee, 0xdb, 0xb4, 0xbf, 0xcd, 0xff,
    0xff, 0xff, 0x9b, 0x0, 0x0, 0x0, 0xe1, 0x28,
    0x0, 0x0, 0x0, 0xb2, 0xff, 0xff, 0xff, 0xff,
    0xff, 0xff, 0xff, 0x90, 0xff, 0xff, 0xff, 0xff,
    0xff, 0xff, 0x2c, 0x0, 0x0, 0x0, 0xb0, 0xe7,
    0xc0, 0xba, 0xd0, 0xc8, 0xff, 0xff, 0xe2, 0xd0,
    0xc0, 0xc0, 0xd5, 0xff, 0xff, 0xac, 0x2, 0x0,
    0x0, 0xf, 0xfb, 0x10, 0x0, 0x0, 0x0, 0xc9,
    0xff, 0xff, 0xff, 0xff, 0xff, 0xff, 0xff, 0x90,
    0xff, 0xff, 0xff, 0xff, 0xff, 0xff, 0x14, 0x0,
    0x0, 0x0, 0xd0, 0xf7, 0xbd, 0xd7, 0xaf, 0xda,
    0xc5, 0xff, 0xf5, 0xb9, 0xdb, 0xba, 0xea, 0xff,
    0xba, 0x6, 0x0, 0x0, 0x7, 0xc0, 0xf7, 0x0,
    0x0, 0x0, 0x0, 0xe4, 0xff, 0xff, 0xff, 0xff,
    0xff, 0xff, 0xff, 0x90, 0xff, 0xff, 0xff, 0xff,
    0xff, 0xfa, 0x1, 0x0, 0x0, 0x0, 0xe7, 0xff,
    0xff, 0xa9, 0xff, 0xac, 0xd4, 0xe5, 0xbe, 0xff,
    0xaa, 0xd5, 0xd8, 0xce, 0xb, 0x0, 0x0, 0x1,
    0xa9, 0xff, 0xe0, 0x0, 0x0, 0x0, 0x1, 0xfb,
    0xff, 0xff, 0xff, 0xff, 0xff, 0xff, 0xff, 0x90,
    0xff, 0xff, 0xff, 0xff, 0xff, 0xe4, 0x0, 0x0,
    0x0, 0x2, 0xfc, 0xff, 0xff, 0xfb, 0xae, 0xe9,
    0xba, 0xf8, 0xff, 0xa7, 0xf1, 0xbe, 0xfe, 0x84,
    0x0, 0x0, 0x0, 0x98, 0xff, 0xff, 0xc8, 0x0,
    0x0, 0x0, 0x16, 0xff, 0xff, 0xff, 0xff, 0xff,
    0xff, 0xff, 0xff, 0x90, 0xff, 0xff, 0xff, 0xff,
    0xff, 0xcc, 0x0, 0x0, 0x0, 0x16, 0xff, 0xff,
    0xff, 0xff, 0xec, 0xae, 0xd3, 0xeb, 0xb6, 0xec,
    0xb2, 0xc8, 0xdb, 0x6b, 0x0, 0x0, 0x7d, 0xff,
    0xff, 0xff, 0xb0, 0x0, 0x0, 0x0, 0x2f, 0xff,
    0xff, 0xff, 0xff, 0xff, 0xff, 0xff, 0xff, 0x90,
    0xff, 0xff, 0xff, 0xff, 0xff, 0xb4, 0x0, 0x0,
    0x0, 0x2d, 0xff, 0xff, 0xff, 0xff, 0xfc, 0xbf,
    0xba, 0xfb, 0xd8, 0xc8, 0xca, 0xbb, 0xea, 0x51,
    0x0, 0x66, 0xff, 0xff, 0xff, 0xff, 0x98, 0x0,
    0x0, 0x0, 0x46, 0xff, 0xff, 0xff, 0xff, 0xff,
    0xff, 0xff, 0xff, 0x90, 0xff, 0xff, 0xff, 0xff,
    0xff, 0x9c, 0x0, 0x0, 0x0, 0x42, 0xff, 0xff,
    0xff, 0xff, 0xff, 0xf4, 0xc0, 0xfb, 0xd9, 0xbf,
    0xca, 0xb9, 0xf2, 0x38, 0x4f, 0xfc, 0xff, 0xff,
    0xff, 0xff, 0x80, 0x0, 0x0, 0x0, 0x5c, 0xff,
    0xff, 0xff, 0xff, 0xff, 0xff, 0xff, 0xff, 0x90,
    0xff, 0xff, 0xff, 0xff, 0xff, 0x84, 0x0, 0x0,
    0x0, 0x5d, 0xff, 0xff, 0xff, 0xff, 0xff, 0xff,
    0xfc, 0xff, 0xae, 0xef, 0xad, 0xc8, 0xf3, 0xff,
    0xff, 0xff, 0xff, 0xff, 0xff, 0xff, 0x68, 0x0,
    0x0, 0x0, 0x78, 0xff, 0xff, 0xff, 0xff, 0xff,
    0xff, 0xff, 0xff, 0x90, 0xff, 0xff, 0xff, 0xff,
    0xff, 0xd7, 0x15, 0x0, 0x26, 0xe1, 0xff, 0xff,
    0xff, 0xff, 0xff, 0xff, 0xff, 0xff, 0xff, 0xb1,
    0xe5, 0xca, 0xff, 0xf8, 0xff, 0xff, 0xfb, 0xfc,
    0xff, 0xff, 0xc5, 0xb, 0x0, 0x35, 0xeb, 0xff,
    0xff, 0xff, 0xff, 0xff, 0xff, 0xff, 0xff, 0x90,
    0xff, 0xff, 0xff, 0xff, 0xff, 0xff, 0xce, 0x42,
    0xea, 0xea, 0xd8, 0xc9, 0xbd, 0xb4, 0xda, 0xc2,
    0xca, 0xf8, 0xff, 0xff, 0xc1, 0xff, 0xe5, 0xc4,
    0xdc, 0xb6, 0xbd, 0xca, 0xc1, 0xda, 0xff, 0xbb,
    0x4b, 0xf3, 0xff, 0xff, 0xff, 0xff, 0xff, 0xff,
    0xff, 0xff, 0xff, 0x90, 0xff, 0xff, 0xff, 0xff,
    0xff, 0xff, 0xff, 0xff, 0xd6, 0xe2, 0xb3, 0xba,
    0xbe, 0xb7, 0xd2, 0xbd, 0xc1, 0xd0, 0xf8, 0xff,
    0xff, 0xe2, 0xbd, 0xba, 0xd7, 0xbc, 0xc5, 0xbe,
    0xbd, 0xcd, 0xc0, 0xff, 0xff, 0xff, 0xff, 0xff,
    0xff, 0xff, 0xff, 0xff, 0xff, 0xff, 0xff, 0x90,
    0xff, 0xff, 0xff, 0xff, 0xff, 0xff, 0xff, 0xff,
    0xfb, 0xb6, 0xf2, 0xbc, 0xc5, 0xdf, 0xb6, 0xe0,
    0xbd, 0xcc, 0xf9, 0xff, 0xff, 0xeb, 0xb3, 0xe5,
    0xb2, 0xdb, 0xc3, 0xb5, 0xe1, 0xad, 0xf3, 0xff,
    0xff, 0xff, 0xff, 0xff, 0xff, 0xff, 0xff, 0xff,
    0xff, 0xff, 0xff, 0x90, 0xff, 0xff, 0xff, 0xff,
    0xff, 0xff, 0x91, 0x63, 0xfe, 0xff, 0xab, 0xd5,
    0xd1, 0xad, 0xff, 0xaa, 0xe1, 0xf2, 0xff, 0xf5,
    0xff, 0xfd, 0xed, 0xac, 0xff, 0xb6, 0xd3, 0xda,
    0xb8, 0xff, 0xff, 0x7e, 0x86, 0xff, 0xff, 0xff,
    0xff, 0xff, 0xff, 0xff, 0xff, 0xff, 0xff, 0x90,
    0xff, 0xff, 0xff, 0xff, 0xfc, 0x6b, 0x0, 0x0,
    0x6e, 0xff, 0xff, 0xff, 0xff, 0xff, 0xff, 0xff,
    0xff, 0xff, 0xda, 0xb8, 0xd9, 0xff, 0xff, 0xff,
    0xff, 0xff, 0xff, 0xff, 0xff, 0xfd, 0x6a, 0x0,
    0x0, 0x9f, 0xff, 0xff, 0xff, 0xff, 0xff, 0xff,
    0xff, 0xff, 0xff, 0x90, 0xff, 0xff, 0xff, 0xff,
    0xcb, 0x0, 0x0, 0x0, 0x9, 0xff, 0xff, 0xff,
    0xff, 0xff, 0xff, 0xff, 0xff, 0xcb, 0xc6, 0xbf,
    0xca, 0xd5, 0xff, 0xff, 0xff, 0xff, 0xff, 0xff,
    0xff, 0xbb, 0x0, 0x0, 0x0, 0x24, 0xff, 0xff,
    0xff, 0xff, 0xff, 0xff, 0xff, 0xff, 0xff, 0x90,
    0xff, 0xff, 0xff, 0xff, 0xb3, 0x0, 0x0, 0x0,
    0x22, 0xff, 0xff, 0xff, 0xff, 0xff, 0xa9, 0x2,
    0xe0, 0xe6, 0xa7, 0xf3, 0xad, 0xfa, 0xff, 0xc0,
    0xff, 0xff, 0xff, 0xff, 0xff, 0xa2, 0x0, 0x0,
    0x0, 0x39, 0xff, 0xff, 0xff, 0xff, 0xff, 0xff,
    0xff, 0xff, 0xff, 0x90, 0xff, 0xff, 0xff, 0xff,
    0x9c, 0x0, 0x0, 0x0, 0x3a, 0xff, 0xff, 0xff,
    0xff, 0xbc, 0x6, 0x0, 0xf5, 0xc3, 0xee, 0xae,
    0xf2, 0xe2, 0xbe, 0xf2, 0xdd, 0xff, 0xff, 0xff,
    0xff, 0x8a, 0x0, 0x0, 0x0, 0x55, 0xff, 0xff,
    0xff, 0xff, 0xff, 0xff, 0xff, 0xff, 0xff, 0x90,
    0xff, 0xff, 0xff, 0xff, 0x84, 0x0, 0x0, 0x0,
    0x52, 0xff, 0xff, 0xff, 0xcc, 0xd, 0x0, 0xf,
    0xff, 0xd3, 0xb0, 0xf3, 0xae, 0xff, 0xf8, 0xb0,
    0xf3, 0xf2, 0xff, 0xff, 0xff, 0x72, 0x0, 0x0,
    0x0, 0x6b, 0xff, 0xff, 0xff, 0xff, 0xff, 0xff,
    0xff, 0xff, 0xff, 0x90, 0xff, 0xff, 0xff, 0xff,
    0x6c, 0x0, 0x0, 0x0, 0x6a, 0xff, 0xff, 0xdb,
    0x16, 0x0, 0x0, 0x27, 0xfb, 0xb7, 0xcf, 0xbf,
    0xca, 0xf7, 0xba, 0xd4, 0xbf, 0xe0, 0xff, 0xff,
    0xff, 0x5a, 0x0, 0x0, 0x0, 0x85, 0xff, 0xff,
    0xff, 0xff, 0xff, 0xff, 0xff, 0xff, 0xff, 0x90,
    0xff, 0xff, 0xff, 0xff, 0x55, 0x0, 0x0, 0x0,
    0x83, 0xff, 0xe7, 0x21, 0x0, 0x0, 0x0, 0x7c,
    0xf5, 0xbb, 0xc4, 0xcb, 0xca, 0xff, 0xca, 0xc2,
    0xce, 0xc2, 0xda, 0xff, 0xff, 0x41, 0x0, 0x0,
    0x0, 0x9b, 0xff, 0xff, 0xff, 0xff, 0xff, 0xff,
    0xff, 0xff, 0xff, 0x90, 0xff, 0xff, 0xff, 0xff,
    0x3d, 0x0, 0x0, 0x0, 0x9c, 0xf0, 0x2f, 0x0,
    0x0, 0x0, 0x63, 0xff, 0xdb, 0xc4, 0xa9, 0xe2,
    0xb0, 0xff, 0xf0, 0xaf, 0xe4, 0xa9, 0xc2, 0xe0,
    0xff, 0x29, 0x0, 0x0, 0x0, 0xb5, 0xff, 0xff,
    0xff, 0xff, 0xff, 0xff, 0xff, 0xff, 0xff, 0x90,
    0xff, 0xff, 0xff, 0xff, 0x25, 0x0, 0x0, 0x0,
    0xb5, 0x62, 0x0, 0x0, 0x0, 0x53, 0xfc, 0xff,
    0xff, 0xc4, 0xe7, 0xb3, 0xfa, 0xff, 0xff, 0xfd,
    0xae, 0xe5, 0xc5, 0xbc, 0xfe, 0x11, 0x0, 0x0,
    0x0, 0xcd, 0xff, 0xff, 0xff, 0xff, 0xff, 0xff,
    0xff, 0xff, 0xff, 0x90, 0xff, 0xff, 0xff, 0xff,
    0xe, 0x0, 0x0, 0x0, 0xce, 0x3e, 0x0, 0x0,
    0x44, 0xf9, 0xff, 0xff, 0xd8, 0xda, 0xb5, 0xff,
    0xb1, 0xff, 0xff, 0xff, 0xff, 0xb3, 0xd3, 0xda,
    0xf8, 0x0, 0x0, 0x0, 0x0, 0xe5, 0xff, 0xff,
    0xff, 0xff, 0xff, 0xff, 0xff, 0xff, 0xff, 0x90,
    0xff, 0xff, 0xff, 0xf6, 0x0, 0x0, 0x0, 0x0,
    0xe3, 0x27, 0x0, 0x37, 0xf3, 0xff, 0xff, 0xff,
    0xf4, 0xbb, 0xe2, 0xb1, 0xf4, 0xff, 0xff, 0xff,
    0xff, 0xe8, 0xbe, 0xc6, 0xe1, 0x0, 0x0, 0x0,
    0x1, 0xfb, 0xff, 0xff, 0xff, 0xff, 0xff, 0xff,
    0xff, 0xff, 0xff, 0x90, 0xff, 0xff, 0xff, 0xde,
    0x0, 0x0, 0x0, 0x0, 0xf9, 0x11, 0x2b, 0xed,
    0xff, 0xff, 0xff, 0xff, 0xda, 0xc4, 0xb6, 0xd7,
    0xcd, 0xff, 0xff, 0xff, 0xff, 0xff, 0xd1, 0xd1,
    0xc9, 0x0, 0x0, 0x0, 0x15, 0xff, 0xff, 0xff,
    0xff, 0xff, 0xff, 0xff, 0xff, 0xff, 0xff, 0x90,
    0xff, 0xff, 0xff, 0xc6, 0x0, 0x0, 0x0, 0x13,
    0xf9, 0x21, 0xe5, 0xff, 0xff, 0xff, 0xff, 0xff,
    0xda, 0xbe, 0xb9, 0xd7, 0xf7, 0xff, 0xff, 0xff,
    0xff, 0xff, 0xf7, 0xdd, 0xb1, 0x0, 0x0, 0x0,
    0x2c, 0xff, 0xff, 0xff, 0xff, 0xff, 0xff, 0xff,
    0xff, 0xff, 0xff, 0x90, 0xff, 0xff, 0xff, 0xaf,
    0x0, 0x0, 0x0, 0x2a, 0xf1, 0xdb, 0xff, 0xff,
    0xff, 0xff, 0xff, 0xff, 0xf7, 0xbc, 0xdf, 0xf7,
    0xff, 0xff, 0xff, 0xff, 0xff, 0xff, 0xff, 0xfc,
    0x99, 0x0, 0x0, 0x0, 0x44, 0xff, 0xff, 0xff,
    0xff, 0xdf, 0xfe, 0xff, 0xff, 0xff, 0xff, 0x90,
    0xff, 0xff, 0xff, 0x97, 0x0, 0x0, 0x0, 0x6b,
    0xff, 0xff, 0xff, 0xff, 0xff, 0xff, 0xff, 0xff,
    0xff, 0xfe, 0xf9, 0xff, 0xff, 0xff, 0xff, 0xff,
    0xff, 0xff, 0xff, 0xff, 0x8a, 0x0, 0x0, 0x0,
    0x5d, 0xff, 0xff, 0xd9, 0xce, 0xe2, 0xa8, 0xff,
    0xff, 0xff, 0xff, 0x90, 0xff, 0xff, 0xff, 0x7f,
    0x0, 0x0, 0x68, 0xfd, 0xeb, 0xd0, 0xd0, 0xd0,
    0xd0, 0xd0, 0xd0, 0xd0, 0xd0, 0xd0, 0xd0, 0xd0,
    0xd0, 0xd0, 0xd0, 0xd0, 0xd0, 0xd0, 0xd0, 0xeb,
    0xf5, 0x3a, 0x0, 0x0, 0x73, 0xff, 0xf4, 0xdc,
    0xc6, 0xb4, 0xed, 0xae, 0xfd, 0xff, 0xff, 0x90,
    0xff, 0xff, 0xff, 0x85, 0x0, 0x7b, 0xff, 0xca,
    0x17, 0x0, 0x0, 0x0, 0x0, 0x0, 0x0, 0x0,
    0x0, 0x0, 0x0, 0x0, 0x0, 0x0, 0x0, 0x0,
    0x0, 0x0, 0x0, 0x1e, 0xe1, 0xef, 0x2d, 0x0,
    0x97, 0xff, 0xdd, 0xa5, 0xad, 0xad, 0xb9, 0xd8,
    0xd5, 0xff, 0xff, 0x90, 0xff, 0xff, 0xff, 0xfb,
    0xaf, 0xff, 0xaf, 0xa, 0x0, 0x0, 0x0, 0x0,
    0x0, 0x0, 0x0, 0x0, 0x0, 0x0, 0x0, 0x0,
    0x0, 0x0, 0x0, 0x0, 0x0, 0x0, 0x0, 0x0,
    0x24, 0xe6, 0xe6, 0x7f, 0xfe, 0xff, 0xdf, 0xa1,
    0xb2, 0xd3, 0xb2, 0xce, 0xe2, 0xff, 0xff, 0x90,
    0xff, 0xff, 0xff, 0xff, 0xff, 0xa0, 0x2, 0x0,
    0x0, 0x0, 0x0, 0x0, 0x0, 0x0, 0x0, 0x0,
    0x0, 0x0, 0x0, 0x0, 0x0, 0x0, 0x0, 0x0,
    0x0, 0x0, 0x0, 0x0, 0x0, 0x2c, 0xf9, 0xff,
    0xff, 0xff, 0xff, 0xdf, 0xc8, 0xb4, 0xf1, 0xb6,
    0xff, 0xff, 0xff, 0x90, 0xff, 0xff, 0xff, 0xff,
    0xff, 0xdf, 0x46, 0x40, 0x40, 0x40, 0x40, 0x40,
    0x40, 0x40, 0x40, 0x40, 0x40, 0x40, 0x40, 0x40,
    0x40, 0x40, 0x40, 0x40, 0x40, 0x40, 0x40, 0x40,
    0x40, 0xa9, 0xff, 0xff, 0xff, 0xff, 0xff, 0xff,
    0xcd, 0xdf, 0xca, 0xff, 0xff, 0xff, 0xff, 0x90,
    0xff, 0xff, 0xff, 0xff, 0xff, 0xff, 0xff, 0xff,
    0xff, 0xff, 0xff, 0xff, 0xff, 0xff, 0xff, 0xff,
    0xff, 0xff, 0xff, 0xff, 0xff, 0xff, 0xff, 0xff,
    0xff, 0xff, 0xff, 0xff, 0xff, 0xff, 0xff, 0xff,
    0xff, 0xff, 0xff, 0xff, 0xff, 0xff, 0xff, 0xff,
    0xff, 0xff, 0xff, 0x90, 0xff, 0xff, 0xff, 0xff,
    0xff, 0xff, 0xff, 0xff, 0xff, 0xff, 0xff, 0xff,
    0xff, 0xff, 0xff, 0xff, 0xff, 0xff, 0xff, 0xff,
    0xff, 0xff, 0xff, 0xff, 0xff, 0xff, 0xff, 0xff,
    0xff, 0xff, 0xff, 0xff, 0xff, 0xff, 0xff, 0xff,
    0xff, 0xff, 0xff, 0xff, 0xff, 0xff, 0xff, 0x90,
    0xff, 0xff, 0xff, 0xff, 0xff, 0xff, 0xff, 0xff,
    0xff, 0xff, 0xff, 0xff, 0xff, 0xff, 0xff, 0xff,
    0xff, 0xff, 0xff, 0xff, 0xff, 0xff, 0xff, 0xff,
    0xff, 0xff, 0xff, 0xff, 0xff, 0xff, 0xff, 0xff,
    0xff, 0xff, 0xff, 0xff, 0xff, 0xff, 0xff, 0xff,
    0xff, 0xff, 0xff, 0x90, 0xff, 0xff, 0xff, 0xff,
    0xff, 0xff, 0xff, 0xff, 0xff, 0xff, 0xff, 0xff,
    0xff, 0xff, 0xff, 0xff, 0xff, 0xff, 0xff, 0xff,
    0xff, 0xff, 0xff, 0xff, 0xff, 0xff, 0xff, 0xff,
    0xff, 0xff, 0xff, 0xff, 0xff, 0xff, 0xff, 0xff,
    0xff, 0xff, 0xff, 0xff, 0xff, 0xff, 0xff, 0x90,
    0xff, 0xff, 0xff, 0xff, 0xff, 0xff, 0xff, 0xff,
    0xff, 0xff, 0xff, 0xff, 0xff, 0xff, 0xff, 0xff,
    0xff, 0xff, 0xff, 0xff, 0xff, 0xff, 0xff, 0xff,
    0xff, 0xff, 0xff, 0xff, 0xff, 0xff, 0xff, 0xff,
    0xff, 0xff, 0xff, 0xff, 0xff, 0xff, 0xff, 0xff,
    0xff, 0xff, 0xff, 0x90, 0xff, 0xff, 0xff, 0xff,
    0xff, 0xff, 0xff, 0xff, 0xff, 0xff, 0xff, 0xff,
    0xff, 0xff, 0xff, 0xff, 0xff, 0xff, 0xff, 0xff,
    0xff, 0xff, 0xff, 0xff, 0xff, 0xff, 0xff, 0xff,
    0xff, 0xff, 0xff, 0xff, 0xff, 0xff, 0xff, 0xff,
    0xff, 0xff, 0xff, 0xff, 0xff, 0xff, 0xff, 0x90,

    /* U+0031 "1" */
    0xff, 0xff, 0xff, 0xff, 0xff, 0xff, 0xff, 0xff,
    0xff, 0xff, 0xff, 0xff, 0xff, 0xff, 0xff, 0xff,
    0xff, 0xff, 0xff, 0xff, 0xff, 0xff, 0xff, 0xff,
    0xff, 0xff, 0xff, 0xff, 0xff, 0xff, 0xff, 0xff,
    0xff, 0xff, 0xff, 0xff, 0xff, 0xff, 0xff, 0xff,
    0xff, 0xff, 0xff, 0x90, 0xff, 0xff, 0xff, 0xff,
    0xff, 0xff, 0xff, 0xff, 0xff, 0xff, 0xff, 0xff,
    0xff, 0xff, 0xff, 0xff, 0xff, 0xff, 0xff, 0xff,
    0xff, 0xff, 0xff, 0xff, 0xff, 0xff, 0xff, 0xff,
    0xff, 0xff, 0xff, 0xff, 0xff, 0xff, 0xff, 0xff,
    0xff, 0xff, 0xff, 0xff, 0xff, 0xff, 0xff, 0x90,
    0xff, 0xff, 0xff, 0xff, 0xff, 0xff, 0xff, 0xff,
    0xff, 0xff, 0xff, 0xff, 0xff, 0xff, 0xff, 0xff,
    0xff, 0xff, 0xff, 0xff, 0xff, 0xff, 0xff, 0xff,
    0xff, 0xff, 0xff, 0xff, 0xff, 0xff, 0xff, 0xff,
    0xff, 0xff, 0xff, 0xff, 0xff, 0xff, 0xff, 0xff,
    0xff, 0xff, 0xff, 0x90, 0xff, 0xff, 0xff, 0xff,
    0xff, 0xff, 0xff, 0xff, 0xff, 0xff, 0xff, 0xff,
    0xff, 0xff, 0xff, 0xff, 0xff, 0xff, 0xff, 0xff,
    0xff, 0xff, 0xff, 0xff, 0xff, 0xff, 0xff, 0xff,
    0xff, 0xff, 0xff, 0xff, 0xff, 0xff, 0xff, 0xff,
    0xff, 0xff, 0xff, 0xff, 0xff, 0xff, 0xff, 0x90,
    0xff, 0xff, 0xff, 0xff, 0xff, 0xff, 0xff, 0xff,
    0xff, 0xf4, 0xe3, 0xd0, 0xd0, 0xd3, 0xd7, 0xd4,
    0xd0, 0xcd, 0xd4, 0xd7, 0xd2, 0xce, 0xcf, 0xd7,
    0xd7, 0xd1, 0xcf, 0xcd, 0xd6, 0xda, 0xcf, 0xd0,
    0xcf, 0xfc, 0xff, 0xff, 0xff, 0xff, 0xff, 0xff,
    0xff, 0xff, 0xff, 0x90, 0xff, 0xff, 0xff, 0xff,
    0xff, 0xff, 0xff, 0xff, 0xff, 0xdf, 0xbd, 0xc6,
    0xbd, 0xb6, 0xd1, 0xb6, 0xc2, 0xbc, 0xb3, 0xd1,
    0xbc, 0xc5, 0xba, 0xbc, 0xd1, 0xbc, 0xbf, 0xbf,
    0xbf, 0xd8, 0xb6, 0xba, 0xc3, 0xef, 0xff, 0xff,
    0xff, 0xff, 0xff, 0xff, 0xff, 0xff, 0xff, 0x90,
    0xff, 0xff, 0xff, 0xff, 0xff, 0xff, 0xff, 0xde,
    0xe9, 0xff, 0xe2, 0xba, 0xbe, 0xda, 0xad, 0xe2,
    0xb7, 0xbb, 0xd9, 0xb2, 0xe2, 0xb8, 0xae, 0xe4,
    0xa8, 0xd7, 0xbb, 0xb1, 0xe4, 0xa8, 0xd7, 0xbc,
    0xf2, 0xff, 0xb4, 0xb2, 0xff, 0xff, 0xff, 0xff,
    0xff, 0xff, 0xff, 0x90, 0xff, 0xff, 0xff, 0xff,
    0xff, 0xff, 0xfc, 0xd2, 0xaf, 0xfe, 0xff, 0xdf,
    0xd5, 0xb2, 0xff, 0xaa, 0xd7, 0xd2, 0xa9, 0xff,
    0xaf, 0xd4, 0xda, 0xac, 0xff, 0xb3, 0xd4, 0xdc,
    0xb2, 0xff, 0xa8, 0xfb, 0xff, 0xa3, 0x4, 0x13,
    0xff, 0xff, 0xff, 0xff, 0xff, 0xff, 0xff, 0x90,
    0xff, 0xff, 0xff, 0xff, 0xff, 0xff, 0xfc, 0xbb,
    0xd9, 0xb8, 0xf5, 0xff, 0xe5, 0xf7, 0xd6, 0xf9,
    0xe3, 0xe4, 0xf8, 0xdc, 0xf8, 0xe3, 0xe2, 0xfa,
    0xdc, 0xf6, 0xe6, 0xe1, 0xfb, 0xdb, 0xff, 0xff,
    0x91, 0x1, 0x0, 0x22, 0xff, 0xff, 0xff, 0xff,
    0xff, 0xff, 0xff, 0x90, 0xff, 0xff, 0xff, 0xff,
    0xff, 0xff, 0xeb, 0xbf, 0xb8, 0xd6, 0xc8, 0xff,
    0xff, 0xff, 0xff, 0xff, 0xff, 0xff, 0xff, 0xff,
    0xf9, 0xe3, 0xff, 0xff, 0xff, 0xff, 0xff, 0xff,
    0xff, 0xff, 0xff, 0xb0, 0x0, 0x0, 0x0, 0x3b,
    0xff, 0xff, 0xff, 0xff, 0xff, 0xff, 0xff, 0x90,
    0xff, 0xff, 0xff, 0xff, 0xff, 0xff, 0xe2, 0xbc,
    0xb5, 0xd7, 0xbd, 0xee, 0xf2, 0xff, 0xff, 0xff,
    0xff, 0xff, 0xff, 0xff, 0xb8, 0xba, 0xdf, 0xff,
    0xff, 0xff, 0xff, 0xff, 0xff, 0xfe, 0xd7, 0x88,
    0x0, 0x0, 0x0, 0x53, 0xff, 0xff, 0xff, 0xff,
    0xff, 0xff, 0xff, 0x90, 0xff, 0xff, 0xff, 0xff,
    0xff, 0xff, 0xfb, 0xbe, 0xdc, 0xb3, 0xef, 0xfb,
    0xde, 0xff, 0xff, 0xff, 0xff, 0xff, 0xff, 0xaf,
    0xdb, 0xbb, 0xb8, 0xf9, 0xff, 0xff, 0xff, 0xff,
    0xff, 0x6f, 0x9c, 0x6f, 0x0, 0x0, 0x0, 0x6b,
    0xff, 0xff, 0xff, 0xff, 0xff, 0xff, 0xff, 0x90,
    0xff, 0xff, 0xff, 0xff, 0xff, 0xff, 0xe0, 0xd2,
    0xaf, 0xfe, 0xba, 0xd8, 0xd6, 0xfb, 0xff, 0xff,
    0xff, 0xff, 0xff, 0xff, 0xb4, 0xd4, 0xda, 0xff,
    0xff, 0xff, 0xff, 0xff, 0x7a, 0x0, 0xb5, 0x57,
    0x0, 0x0, 0x0, 0x82, 0xff, 0xff, 0xff, 0xff,
    0xff, 0xff, 0xff, 0x90, 0xff, 0xff, 0xff, 0xff,
    0xff, 0xff, 0xe7, 0xbb, 0xce, 0xae, 0xf3, 0xf3,
    0xba, 0xda, 0xff, 0xff, 0xff, 0xff, 0xfc, 0xb1,
    0xd7, 0xbd, 0xc3, 0xff, 0xff, 0xff, 0xff, 0x87,
    0x0, 0x0, 0xce, 0x3f, 0x0, 0x0, 0x0, 0x9a,
    0xff, 0xff, 0xff, 0xff, 0xff, 0xff, 0xff, 0x90,
    0xff, 0xff, 0xff, 0xff, 0xff, 0xff, 0xd6, 0xbf,
    0xb8, 0xd8, 0xdd, 0xe4, 0xc1, 0xb7, 0xd5, 0xff,
    0xff, 0xff, 0xee, 0xd5, 0xb9, 0xbc, 0xd0, 0xff,
    0xff, 0xff, 0x93, 0x0, 0x0, 0x0, 0xe3, 0x26,
    0x0, 0x0, 0x0, 0xb2, 0xff, 0xff, 0xff, 0xff,
    0xff, 0xff, 0xff, 0x90, 0xff, 0xff, 0xff, 0xff,
    0xff, 0xff, 0xd0, 0xbe, 0xb0, 0xda, 0xe6, 0xe3,
    0xbf, 0xb0, 0xd6, 0xbd, 0xff, 0xff, 0xdd, 0xd7,
    0xb6, 0xc2, 0xd0, 0xff, 0xff, 0x9f, 0x1, 0x0,
    0x0, 0x17, 0xfc, 0xe, 0x0, 0x0, 0x0, 0xc9,
    0xff, 0xff, 0xff, 0xff, 0xff, 0xff, 0xff, 0x90,
    0xff, 0xff, 0xff, 0xff, 0xff, 0xff, 0xc2, 0xc3,
    0xde, 0xb5, 0xfe, 0xfc, 0xc3, 0xe2, 0xae, 0xe4,
    0xc2, 0xff, 0xfb, 0xb8, 0xe7, 0xbd, 0xef, 0xff,
    0xaa, 0x3, 0x0, 0x0, 0xe, 0xcf, 0xf6, 0x0,
    0x0, 0x0, 0x0, 0xe5, 0xff, 0xff, 0xff, 0xff,
    0xff, 0xff, 0xff, 0x90, 0xff, 0xff, 0xff, 0xff,
    0xff, 0xff, 0xe1, 0xce, 0xaa, 0xfe, 0xff, 0xff,
    0xff, 0xaa, 0xff, 0xad, 0xd8, 0xe6, 0xbe, 0xff,
    0xaa, 0xd6, 0xd8, 0xc2, 0x5, 0x0, 0x0, 0x7,
    0xbe, 0xff, 0xdd, 0x0, 0x0, 0x0, 0x2, 0xfb,
    0xff, 0xff, 0xff, 0xff, 0xff, 0xff, 0xff, 0x90,
    0xff, 0xff, 0xff, 0xff, 0xff, 0xf7, 0xae, 0xbc,
    0xd1, 0xb0, 0xff, 0xff, 0xff, 0xfb, 0xaf, 0xd5,
    0xba, 0xf8, 0xeb, 0xa7, 0xdb, 0xb5, 0xf5, 0x81,
    0x0, 0x0, 0x4, 0xb3, 0xff, 0xff, 0xc5, 0x0,
    0x0, 0x0, 0x17, 0xff, 0xff, 0xff, 0xff, 0xff,
    0xff, 0xff, 0xff, 0x90, 0xff, 0xff, 0xff, 0xff,
    0xff, 0xfc, 0xbe, 0xc0, 0xb8, 0xd3, 0xff, 0xff,
    0xff, 0xff, 0xec, 0xbd, 0xbf, 0xeb, 0xca, 0xd2,
    0xc3, 0xbf, 0xe5, 0x67, 0x0, 0x1, 0xa2, 0xff,
    0xff, 0xff, 0xad, 0x0, 0x0, 0x0, 0x31, 0xff,
    0xff, 0xff, 0xff, 0xff, 0xff, 0xff, 0xff, 0x90,
    0xff, 0xff, 0xff, 0xff, 0xff, 0xfc, 0xcb, 0xba,
    0xaf, 0xdc, 0xff, 0xff, 0xff, 0xff, 0xfc, 0xc4,
    0xc0, 0xf7, 0xbd, 0xe2, 0xb0, 0xbf, 0xdf, 0x4d,
    0x0, 0x90, 0xff, 0xff, 0xff, 0xff, 0x94, 0x0,
    0x0, 0x0, 0x48, 0xff, 0xff, 0xff, 0xff, 0xff,
    0xff, 0xff, 0xff, 0x90, 0xff, 0xff, 0xff, 0xff,
    0xff, 0xf6, 0xb6, 0xc4, 0xdf, 0xc4, 0xff, 0xff,
    0xff, 0xff, 0xff, 0xf4, 0xcb, 0xff, 0xf4, 0xae,
    0xe6, 0xbc, 0xfe, 0x62, 0x85, 0xff, 0xff, 0xff,
    0xff, 0xff, 0x7c, 0x0, 0x0, 0x0, 0x5e, 0xff,
    0xff, 0xff, 0xff, 0xff, 0xff, 0xff, 0xff, 0x90,
    0xff, 0xff, 0xff, 0xff, 0xff, 0xf2, 0xe2, 0xd3,
    0xae, 0xff, 0xff, 0xff, 0xff, 0xff, 0xff, 0xff,
    0xff, 0xff, 0xae, 0xff, 0xb0, 0xd4, 0xf3, 0xff,
    0xff, 0xff, 0xff, 0xff, 0xff, 0xff, 0x67, 0x0,
    0x0, 0x0, 0x7c, 0xff, 0xff, 0xff, 0xff, 0xff,
    0xff, 0xff, 0xff, 0x90, 0xff, 0xff, 0xff, 0xff,
    0xff, 0xfc, 0xb2, 0xbe, 0xe9, 0xff, 0xfe, 0xfc,
    0xfb, 0xf8, 0xff, 0xf8, 0xfe, 0xff, 0xff, 0xb1,
    0xd2, 0xca, 0xff, 0xf8, 0xff, 0xf8, 0xfb, 0xfc,
    0xf8, 0xff, 0xdc, 0x17, 0x0, 0x45, 0xf3, 0xff,
    0xff, 0xff, 0xff, 0xff, 0xff, 0xff, 0xff, 0x90,
    0xff, 0xff, 0xff, 0xff, 0xff, 0xff, 0xf0, 0xdf,
    0xff, 0xea, 0xd9, 0xc1, 0xc2, 0xbc, 0xcd, 0xc8,
    0xc2, 0xf8, 0xff, 0xff, 0xd2, 0xff, 0xd8, 0xc3,
    0xd0, 0xbe, 0xbd, 0xbe, 0xc8, 0xcc, 0xff, 0xce,
    0x63, 0xf9, 0xff, 0xff, 0xff, 0xff, 0xff, 0xff,
    0xff, 0xff, 0xff, 0x90, 0xff, 0xff, 0xff, 0xff,
    0xff, 0xff, 0xff, 0xff, 0xd6, 0xe2, 0xb4, 0xc5,
    0xbe, 0xaf, 0xdf, 0xb3, 0xc6, 0xcd, 0xf8, 0xff,
    0xff, 0xdd, 0xc4, 0xb4, 0xe3, 0xb0, 0xc1, 0xc7,
    0xb3, 0xda, 0xb9, 0xff, 0xff, 0xff, 0xff, 0xff,
    0xff, 0xff, 0xff, 0xff, 0xff, 0xff, 0xff, 0x90,
    0xff, 0xff, 0xff, 0xff, 0xff, 0xff, 0xff, 0xff,
    0xfb, 0xb6, 0xf2, 0xbc, 0xc5, 0xe6, 0xb6, 0xeb,
    0xc1, 0xd0, 0xfa, 0xff, 0xff, 0xf2, 0xb8, 0xed,
    0xb2, 0xe7, 0xc6, 0xb8, 0xed, 0xae, 0xfa, 0xff,
    0xff, 0xff, 0xff, 0xff, 0xff, 0xff, 0xff, 0xff,
    0xff, 0xff, 0xff, 0x90, 0xff, 0xff, 0xff, 0xff,
    0xff, 0xff, 0xe8, 0xd5, 0xff, 0xff, 0xab, 0xd5,
    0xd1, 0xad, 0xff, 0xaa, 0xe1, 0xf2, 0xff, 0xfc,
    0xff, 0xfd, 0xed, 0xac, 0xff, 0xb6, 0xd3, 0xda,
    0xb8, 0xff, 0xff, 0x79, 0x81, 0xff, 0xff, 0xff,
    0xff, 0xff, 0xff, 0xff, 0xff, 0xff, 0xff, 0x90,
    0xff, 0xff, 0xff, 0xff, 0xff, 0xe4, 0xad, 0xbb,
    0xde, 0xff, 0xff, 0xff, 0xff, 0xff, 0xff, 0xff,
    0xff, 0xff, 0xe5, 0xb0, 0xe5, 0xff, 0xff, 0xff,
    0xff, 0xff, 0xff, 0xff, 0xff, 0xfc, 0x64, 0x0,
    0x0, 0x99, 0xff, 0xff, 0xff, 0xff, 0xff, 0xff,
    0xff, 0xff, 0xff, 0x90, 0xff, 0xff, 0xff, 0xff,
    0xff, 0xcb, 0xbe, 0xbf, 0xc0, 0xff, 0xff, 0xff,
    0xff, 0xff, 0xff, 0xff, 0xff, 0xd8, 0xbe, 0xcf,
    0xc1, 0xde, 0xff, 0xff, 0xff, 0xff, 0xff, 0xff,
    0xff, 0xb9, 0x0, 0x0, 0x0, 0x25, 0xff, 0xff,
    0xff, 0xff, 0xff, 0xff, 0xff, 0xff, 0xff, 0x90,
    0xff, 0xff, 0xff, 0xff, 0xff, 0xb3, 0xcc, 0xbf,
    0xbd, 0xff, 0xff, 0xff, 0xff, 0xff, 0xff, 0xb4,
    0xff, 0xd9, 0xab, 0xe4, 0xb1, 0xef, 0xff, 0xc3,
    0xff, 0xff, 0xff, 0xff, 0xff, 0xa0, 0x0, 0x0,
    0x0, 0x3a, 0xff, 0xff, 0xff, 0xff, 0xff, 0xff,
    0xff, 0xff, 0xff, 0x90, 0xff, 0xff, 0xff, 0xff,
    0xe7, 0xf7, 0xb0, 0xc1, 0xe7, 0xff, 0xff, 0xff,
    0xff, 0xff, 0xab, 0xed, 0xfb, 0xc3, 0xe7, 0xae,
    0xea, 0xe2, 0xbe, 0xf0, 0xdd, 0xff, 0xff, 0xff,
    0xff, 0x88, 0x0, 0x0, 0x0, 0x56, 0xff, 0xff,
    0xff, 0xff, 0xff, 0xff, 0xff, 0xff, 0xff, 0x90,
    0xff, 0xff, 0xff, 0xff, 0xff, 0xad, 0xdb, 0xcd,
    0xd8, 0xff, 0xff, 0xff, 0xfc, 0xb1, 0xf9, 0xac,
    0xff, 0xd7, 0xb1, 0xfa, 0xae, 0xff, 0xfc, 0xb1,
    0xfa, 0xf2, 0xff, 0xff, 0xff, 0x70, 0x0, 0x0,
    0x0, 0x6c, 0xff, 0xff, 0xff, 0xff, 0xff, 0xff,
    0xff, 0xff, 0xff, 0x90, 0xff, 0xff, 0xff, 0xff,
    0xd7, 0xd7, 0xb5, 0xb8, 0xe9, 0xff, 0xff, 0xf3,
    0xba, 0xcf, 0xb4, 0xe0, 0xfb, 0xb6, 0xd0, 0xb8,
    0xcc, 0xf7, 0xb7, 0xd6, 0xb8, 0xe2, 0xff, 0xff,
    0xff, 0x57, 0x0, 0x0, 0x0, 0x86, 0xff, 0xff,
    0xff, 0xff, 0xff, 0xff, 0xff, 0xff, 0xff, 0x90,
    0xff, 0xff, 0xff, 0xff, 0xd4, 0xc3, 0xb9, 0xb8,
    0xe9, 0xff, 0xfb, 0xbf, 0xbb, 0xbe, 0xcb, 0xcb,
    0xf5, 0xbb, 0xc2, 0xc9, 0xc8, 0xff, 0xc8, 0xc0,
    0xcb, 0xbf, 0xd8, 0xff, 0xff, 0x3f, 0x0, 0x0,
    0x0, 0x9c, 0xff, 0xff, 0xff, 0xff, 0xff, 0xff,
    0xff, 0xff, 0xff, 0x90, 0xff, 0xff, 0xff, 0xff,
    0xec, 0xb0, 0xc9, 0xbc, 0xf8, 0xff, 0xbb, 0xc9,
    0xc2, 0xae, 0xe6, 0xff, 0xda, 0xc3, 0xa6, 0xe4,
    0xae, 0xff, 0xf2, 0xb0, 0xe6, 0xa8, 0xc3, 0xdf,
    0xff, 0x27, 0x0, 0x0, 0x0, 0xb6, 0xff, 0xff,
    0xff, 0xff, 0xff, 0xff, 0xff, 0xff, 0xff, 0x90,
    0xff, 0xff, 0xff, 0xff, 0xae, 0xf2, 0xbb, 0xc4,
    0xe8, 0xc4, 0xf4, 0xbc, 0xc6, 0xe9, 0xff, 0xff,
    0xff, 0xc5, 0xea, 0xb3, 0xfc, 0xff, 0xff, 0xfd,
    0xae, 0xe7, 0xc6, 0xbd, 0xfe, 0xe, 0x0, 0x0,
    0x0, 0xce, 0xff, 0xff, 0xff, 0xff, 0xff, 0xff,
    0xff, 0xff, 0xff, 0x90, 0xff, 0xff, 0xff, 0xff,
    0xf7, 0xb3, 0xdc, 0xc7, 0xfd, 0xf8, 0xab, 0xd9,
    0xd7, 0xff, 0xff, 0xff, 0xd8, 0xd6, 0xb2, 0xfb,
    0xb1, 0xff, 0xff, 0xff, 0xff, 0xb1, 0xce, 0xd7,
    0xf6, 0x0, 0x0, 0x0, 0x0, 0xe7, 0xff, 0xff,
    0xff, 0xff, 0xff, 0xff, 0xff, 0xff, 0xff, 0x90,
    0xff, 0xff, 0xff, 0xff, 0xb8, 0xd5, 0xb3, 0xb5,
    0xee, 0xb9, 0xcf, 0xbf, 0xff, 0xff, 0xff, 0xff,
    0xee, 0xb9, 0xd4, 0xb6, 0xe6, 0xff, 0xff, 0xff,
    0xff, 0xea, 0xbc, 0xc5, 0xde, 0x0, 0x0, 0x0,
    0x2, 0xfc, 0xff, 0xff, 0xff, 0xff, 0xff, 0xff,
    0xff, 0xff, 0xff, 0x90, 0xff, 0xff, 0xff, 0xff,
    0xca, 0xc7, 0xbf, 0xba, 0xff, 0xcc, 0xd0, 0xff,
    0xff, 0xff, 0xff, 0xff, 0xe1, 0xbe, 0xc3, 0xc7,
    0xdb, 0xff, 0xff, 0xff, 0xff, 0xff, 0xd8, 0xd6,
    0xc5, 0x0, 0x0, 0x0, 0x17, 0xff, 0xff, 0xff,
    0xff, 0xff, 0xff, 0xff, 0xff, 0xff, 0xff, 0x90,
    0xff, 0xff, 0xff, 0xe6, 0xe7, 0xad, 0xc9, 0xbe,
    0xff, 0xe9, 0xff, 0xff, 0xff, 0xff, 0xff, 0xff,
    0xd1, 0xc0, 0xab, 0xe7, 0xf5, 0xff, 0xff, 0xff,
    0xff, 0xff, 0xf7, 0xda, 0xad, 0x0, 0x0, 0x0,
    0x2e, 0xff, 0xff, 0xff, 0xff, 0xff, 0xff, 0xff,
    0xff, 0xff, 0xff, 0x90, 0xff, 0xff, 0xff, 0xff,
    0xae, 0xf9, 0xb8, 0xe3, 0xff, 0xff, 0xff, 0xff,
    0xff, 0xff, 0xff, 0xff, 0xff, 0xc4, 0xef, 0xf7,
    0xff, 0xff, 0xff, 0xff, 0xff, 0xff, 0xff, 0xff,
    0x95, 0x0, 0x0, 0x0, 0x46, 0xff, 0xff, 0xff,
    0xff, 0xdf, 0xfe, 0xff, 0xff, 0xff, 0xff, 0x90,
    0xff, 0xff, 0xff, 0xd3, 0xeb, 0xad, 0xda, 0xcd,
    0xff, 0xff, 0xff, 0xff, 0xff, 0xff, 0xff, 0xff,
    0xff, 0xff, 0xfa, 0xff, 0xff, 0xff, 0xff, 0xff,
    0xff, 0xff, 0xff, 0xff, 0x97, 0x0, 0x0, 0x0,
    0x5f, 0xff, 0xff, 0xd7, 0xc8, 0xd8, 0xa7, 0xf5,
    0xff, 0xff, 0xff, 0x90, 0xff, 0xff, 0xff, 0xe5,
    0xbe, 0xd4, 0xbe, 0xff, 0xe7, 0xff, 0xda, 0xee,
    0xed, 0xdb, 0xff, 0xde, 0xeb, 0xe9, 0xde, 0xff,
    0xd8, 0xe9, 0xec, 0xd7, 0xff, 0xde, 0xec, 0xef,
    0xfe, 0x58, 0x0, 0x0, 0x75, 0xff, 0xf3, 0xc8,
    0xb8, 0xb3, 0xd8, 0xb7, 0xec, 0xff, 0xff, 0x90,
    0xff, 0xff, 0xff, 0xd3, 0xc6, 0xd6, 0xff, 0xda,
    0xc7, 0xc6, 0xc8, 0xb6, 0xbb, 0xc5, 0xc1, 0xc2,
    0xbd, 0xbd, 0xca, 0xc6, 0xca, 0xbb, 0xbc, 0xc9,
    0xc1, 0xbf, 0xbc, 0xb6, 0xf7, 0xf9, 0x43, 0x0,
    0xa3, 0xff, 0xcc, 0xb6, 0xb5, 0xb6, 0xcf, 0xc5,
    0xe5, 0xff, 0xff, 0x90, 0xff, 0xff, 0xff, 0xff,
    0xe6, 0xff, 0xe3, 0xc2, 0xa6, 0xe8, 0xa9, 0xc2,
    0xc2, 0xa9, 0xed, 0xae, 0xca, 0xc8, 0xb0, 0xed,
    0xab, 0xc7, 0xca, 0xae, 0xe7, 0xad, 0xc7, 0xca,
    0xad, 0xff, 0xf2, 0x9b, 0xff, 0xff, 0xf0, 0xa9,
    0xb9, 0xcf, 0xa8, 0xe3, 0xe2, 0xff, 0xff, 0x90,
    0xff, 0xff, 0xff, 0xff, 0xff, 0xf6, 0xb6, 0xc7,
    0xe6, 0xb5, 0xf6, 0xbd, 0xc9, 0xeb, 0xb6, 0xf1,
    0xc3, 0xc1, 0xec, 0xb3, 0xea, 0xc3, 0xbb, 0xf3,
    0xb2, 0xe6, 0xc8, 0xc1, 0xf2, 0xb4, 0xff, 0xff,
    0xff, 0xff, 0xff, 0xdf, 0xce, 0xb8, 0xfa, 0xb6,
    0xff, 0xff, 0xff, 0x90, 0xff, 0xff, 0xff, 0xff,
    0xff, 0xff, 0xe3, 0xcf, 0xae, 0xff, 0xa8, 0xd3,
    0xcf, 0xaf, 0xff, 0xb2, 0xd5, 0xd3, 0xb6, 0xff,
    0xa8, 0xd1, 0xd7, 0xa5, 0xff, 0xaa, 0xd3, 0xd9,
    0xa9, 0xff, 0xff, 0xff, 0xff, 0xff, 0xff, 0xff,
    0xcd, 0xdf, 0xca, 0xff, 0xff, 0xff, 0xff, 0x90,
    0xff, 0xff, 0xff, 0xff, 0xff, 0xff, 0xff, 0xff,
    0xff, 0xff, 0xff, 0xff, 0xff, 0xff, 0xff, 0xff,
    0xff, 0xff, 0xff, 0xff, 0xff, 0xff, 0xff, 0xff,
    0xff, 0xff, 0xff, 0xff, 0xff, 0xff, 0xff, 0xff,
    0xff, 0xff, 0xff, 0xff, 0xff, 0xff, 0xff, 0xff,
    0xff, 0xff, 0xff, 0x90, 0xff, 0xff, 0xff, 0xff,
    0xff, 0xff, 0xff, 0xff, 0xff, 0xff, 0xff, 0xff,
    0xff, 0xff, 0xff, 0xff, 0xff, 0xff, 0xff, 0xff,
    0xff, 0xff, 0xff, 0xff, 0xff, 0xff, 0xff, 0xff,
    0xff, 0xff, 0xff, 0xff, 0xff, 0xff, 0xff, 0xff,
    0xff, 0xff, 0xff, 0xff, 0xff, 0xff, 0xff, 0x90,
    0xff, 0xff, 0xff, 0xff, 0xff, 0xff, 0xff, 0xff,
    0xff, 0xff, 0xff, 0xff, 0xff, 0xff, 0xff, 0xff,
    0xff, 0xff, 0xff, 0xff, 0xff, 0xff, 0xff, 0xff,
    0xff, 0xff, 0xff, 0xff, 0xff, 0xff, 0xff, 0xff,
    0xff, 0xff, 0xff, 0xff, 0xff, 0xff, 0xff, 0xff,
    0xff, 0xff, 0xff, 0x90, 0xff, 0xff, 0xff, 0xff,
    0xff, 0xff, 0xff, 0xff, 0xff, 0xff, 0xff, 0xff,
    0xff, 0xff, 0xff, 0xff, 0xff, 0xff, 0xff, 0xff,
    0xff, 0xff, 0xff, 0xff, 0xff, 0xff, 0xff, 0xff,
    0xff, 0xff, 0xff, 0xff, 0xff, 0xff, 0xff, 0xff,
    0xff, 0xff, 0xff, 0xff, 0xff, 0xff, 0xff, 0x90,
    0xff, 0xff, 0xff, 0xff, 0xff, 0xff, 0xff, 0xff,
    0xff, 0xff, 0xff, 0xff, 0xff, 0xff, 0xff, 0xff,
    0xff, 0xff, 0xff, 0xff, 0xff, 0xff, 0xff, 0xff,
    0xff, 0xff, 0xff, 0xff, 0xff, 0xff, 0xff, 0xff,
    0xff, 0xff, 0xff, 0xff, 0xff, 0xff, 0xff, 0xff,
    0xff, 0xff, 0xff, 0x90, 0xff, 0xff, 0xff, 0xff,
    0xff, 0xff, 0xff, 0xff, 0xff, 0xff, 0xff, 0xff,
    0xff, 0xff, 0xff, 0xff, 0xff, 0xff, 0xff, 0xff,
    0xff, 0xff, 0xff, 0xff, 0xff, 0xff, 0xff, 0xff,
    0xff, 0xff, 0xff, 0xff, 0xff, 0xff, 0xff, 0xff,
    0xff, 0xff, 0xff, 0xff, 0xff, 0xff, 0xff, 0x90,

    /* U+0032 "2" */
    0xff, 0xff, 0xff, 0xff, 0xff, 0xff, 0xff, 0xff,
    0xff, 0xff, 0xff, 0xff, 0xff, 0xff, 0xff, 0xff,
    0xff, 0xff, 0xff, 0xff, 0xff, 0xff, 0xff, 0xff,
    0xff, 0xff, 0xff, 0xff, 0xff, 0xff, 0xff, 0xff,
    0xff, 0xff, 0xff, 0xff, 0xff, 0xff, 0xff, 0xff,
    0xff, 0xff, 0xff, 0x90, 0xff, 0xff, 0xff, 0xff,
    0xff, 0xff, 0xff, 0xff, 0xff, 0xff, 0xff, 0xff,
    0xff, 0xff, 0xff, 0xff, 0xff, 0xff, 0xff, 0xff,
    0xff, 0xff, 0xff, 0xff, 0xff, 0xff, 0xff, 0xff,
    0xff, 0xff, 0xff, 0xff, 0xff, 0xff, 0xff, 0xff,
    0xff, 0xff, 0xff, 0xff, 0xff, 0xff, 0xff, 0x90,
    0xff, 0xff, 0xff, 0xff, 0xff, 0xff, 0xff, 0xff,
    0xff, 0xff, 0xff, 0xff, 0xff, 0xff, 0xff, 0xff,
    0xff, 0xff, 0xff, 0xff, 0xff, 0xff, 0xff, 0xff,
    0xff, 0xff, 0xff, 0xff, 0xff, 0xff, 0xff, 0xff,
    0xff, 0xff, 0xff, 0xff, 0xff, 0xff, 0xff, 0xff,
    0xff, 0xff, 0xff, 0x90, 0xff, 0xff, 0xff, 0xff,
    0xff, 0xff, 0xff, 0xff, 0xff, 0xff, 0xff, 0xff,
    0xff, 0xff, 0xff, 0xff, 0xff, 0xff, 0xff, 0xff,
    0xff, 0xff, 0xff, 0xff, 0xff, 0xff, 0xff, 0xff,
    0xff, 0xff, 0xff, 0xff, 0xff, 0xff, 0xff, 0xff,
    0xff, 0xff, 0xff, 0xff, 0xff, 0xff, 0xff, 0x90,
    0xff, 0xff, 0xff, 0xff, 0xff, 0xff, 0xff, 0xff,
    0xff, 0xdc, 0x33, 0x24, 0x24, 0x24, 0x24, 0x24,
    0x24, 0x24, 0x24, 0x24, 0x24, 0x24, 0x24, 0x24,
    0x24, 0x24, 0x24, 0x24, 0x24, 0x24, 0x24, 0x24,
    0x24, 0x89, 0xff, 0xff, 0xff, 0xff, 0xff, 0xff,
    0xff, 0xff, 0xff, 0x90, 0xff, 0xff, 0xff, 0xff,
    0xff, 0xff, 0xff, 0xff, 0xff, 0x80, 0x0, 0x0,
    0x0, 0x0, 0x0, 0x0, 0x0, 0x0, 0x0, 0x0,
    0x0, 0x0, 0x0, 0x0, 0x0, 0x0, 0x0, 0x0,
    0x0, 0x0, 0x0, 0x0, 0x0, 0x40, 0xfc, 0xff,
    0xff, 0xff, 0xff, 0xff, 0xff, 0xff, 0xff, 0x90,
    0xff, 0xff, 0xff, 0xff, 0xff, 0xff, 0xff, 0xe0,
    0xeb, 0xfd, 0x53, 0x0, 0x0, 0x0, 0x0, 0x0,
    0x0, 0x0, 0x0, 0x0, 0x0, 0x0, 0x0, 0x0,
    0x0, 0x0, 0x0, 0x0, 0x0, 0x0, 0x0, 0x0,
    0x46, 0xf5, 0xc1, 0xbd, 0xff, 0xff, 0xff, 0xff,
    0xff, 0xff, 0xff, 0x90, 0xff, 0xff, 0xff, 0xff,
    0xff, 0xff, 0xfc, 0xcf, 0xac, 0xfe, 0xf7, 0x38,
    0x0, 0x0, 0x0, 0x0, 0x0, 0x0, 0x0, 0x0,
    0x0, 0x0, 0x0, 0x0, 0x0, 0x0, 0x0, 0x0,
    0x0, 0x0, 0x0, 0x51, 0xf9, 0xb2, 0x8, 0x16,
    0xff, 0xff, 0xff, 0xff, 0xff, 0xff, 0xff, 0x90,
    0xff, 0xff, 0xff, 0xff, 0xff, 0xff, 0xff, 0xc4,
    0xea, 0xb8, 0xff, 0xea, 0x88, 0x88, 0x88, 0x88,
    0x88, 0x88, 0x88, 0x88, 0x88, 0x88, 0x88, 0x88,
    0x88, 0x88, 0x88, 0x88, 0x88, 0x88, 0x92, 0xfb,
    0xa2, 0x4, 0x0, 0x20, 0xff, 0xff, 0xff, 0xff,
    0xff, 0xff, 0xff, 0x90, 0xff, 0xff, 0xff, 0xff,
    0xff, 0xff, 0xe8, 0xc3, 0xac, 0xe7, 0xbd, 0xff,
    0xff, 0xff, 0xff, 0xff, 0xff, 0xff, 0xff, 0xff,
    0xfd, 0xf1, 0xff, 0xff, 0xff, 0xff, 0xff, 0xff,
    0xff, 0xff, 0xff, 0xb9, 0x1, 0x0, 0x0, 0x3a,
    0xff, 0xff, 0xff, 0xff, 0xff, 0xff, 0xff, 0x90,
    0xff, 0xff, 0xff, 0xff, 0xff, 0xff, 0xeb, 0xbb,
    0xc4, 0xc5, 0xd2, 0xee, 0xf2, 0xff, 0xff, 0xff,
    0xff, 0xff, 0xff, 0xff, 0xc9, 0xb7, 0xe9, 0xff,
    0xff, 0xff, 0xff, 0xff, 0xff, 0xff, 0xf1, 0x8a,
    0x0, 0x0, 0x0, 0x51, 0xff, 0xff, 0xff, 0xff,
    0xff, 0xff, 0xff, 0x90, 0xff, 0xff, 0xff, 0xff,
    0xff, 0xff, 0xf2, 0xb7, 0xca, 0xbe, 0xda, 0xfb,
    0xdf, 0xff, 0xff, 0xff, 0xff, 0xff, 0xff, 0xbd,
    0xc8, 0xb7, 0xb6, 0xfa, 0xff, 0xff, 0xff, 0xff,
    0xff, 0xde, 0xe9, 0x71, 0x0, 0x0, 0x0, 0x69,
    0xff, 0xff, 0xff, 0xff, 0xff, 0xff, 0xff, 0x90,
    0xff, 0xff, 0xff, 0xff, 0xff, 0xff, 0xe0, 0xce,
    0xac, 0xf3, 0xba, 0xd8, 0xd6, 0xfb, 0xff, 0xff,
    0xff, 0xff, 0xff, 0xf2, 0xb2, 0xcd, 0xd3, 0xff,
    0xff, 0xff, 0xff, 0xff, 0xd3, 0xf6, 0xd9, 0x59,
    0x0, 0x0, 0x0, 0x80, 0xff, 0xff, 0xff, 0xff,
    0xff, 0xff, 0xff, 0x90, 0xff, 0xff, 0xff, 0xff,
    0xff, 0xff, 0xee, 0xc6, 0xe6, 0xaf, 0xff, 0xfe,
    0xc7, 0xec, 0xff, 0xff, 0xff, 0xff, 0xfc, 0xb1,
    0xea, 0xc6, 0xcc, 0xff, 0xff, 0xff, 0xff, 0xea,
    0xfb, 0xa8, 0xfb, 0x41, 0x0, 0x0, 0x0, 0x98,
    0xff, 0xff, 0xff, 0xff, 0xff, 0xff, 0xff, 0x90,
    0xff, 0xff, 0xff, 0xff, 0xff, 0xff, 0xd0, 0xc2,
    0xa5, 0xd8, 0xd0, 0xd9, 0xc3, 0xa9, 0xe9, 0xff,
    0xff, 0xff, 0xee, 0xe9, 0xaa, 0xc2, 0xc8, 0xff,
    0xff, 0xff, 0xf5, 0xbe, 0xac, 0xe8, 0xf2, 0x29,
    0x0, 0x0, 0x0, 0xb0, 0xff, 0xff, 0xff, 0xff,
    0xff, 0xff, 0xff, 0x90, 0xff, 0xff, 0xff, 0xff,
    0xff, 0xff, 0xd9, 0xbd, 0xc1, 0xda, 0xe6, 0xeb,
    0xba, 0xc1, 0xc2, 0xd1, 0xff, 0xff, 0xe9, 0xc2,
    0xc7, 0xbd, 0xda, 0xff, 0xff, 0xf2, 0xd3, 0xcc,
    0xca, 0xc7, 0xff, 0x11, 0x0, 0x0, 0x0, 0xc7,
    0xff, 0xff, 0xff, 0xff, 0xff, 0xff, 0xff, 0x90,
    0xff, 0xff, 0xff, 0xff, 0xff, 0xff, 0xbc, 0xbe,
    0xcc, 0xbc, 0xfe, 0xf4, 0xbc, 0xcf, 0xb4, 0xd3,
    0xcb, 0xff, 0xef, 0xbe, 0xd3, 0xb9, 0xe5, 0xff,
    0xf1, 0xe3, 0xbb, 0xb4, 0xd5, 0xff, 0xf8, 0x0,
    0x0, 0x0, 0x0, 0xe2, 0xff, 0xff, 0xff, 0xff,
    0xff, 0xff, 0xff, 0x90, 0xff, 0xff, 0xff, 0xff,
    0xff, 0xff, 0xde, 0xc7, 0xa6, 0xf8, 0xff, 0xff,
    0xfc, 0xa8, 0xf9, 0xab, 0xcf, 0xe6, 0xbe, 0xfa,
    0xa8, 0xd0, 0xd8, 0xf4, 0xff, 0xaa, 0xce, 0xd3,
    0xfe, 0xff, 0xe0, 0x0, 0x0, 0x0, 0x1, 0xfa,
    0xff, 0xff, 0xff, 0xff, 0xff, 0xff, 0xff, 0x90,
    0xff, 0xff, 0xff, 0xff, 0xff, 0xf6, 0xb7, 0xc8,
    0xe5, 0xb0, 0xff, 0xff, 0xff, 0xfc, 0xae, 0xe8,
    0xc3, 0xff, 0xfe, 0xa7, 0xf0, 0xbe, 0xfe, 0xf1,
    0xae, 0xe9, 0xbc, 0xf9, 0xff, 0xff, 0xc8, 0x0,
    0x0, 0x0, 0x15, 0xff, 0xff, 0xff, 0xff, 0xff,
    0xff, 0xff, 0xff, 0x90, 0xff, 0xff, 0xff, 0xff,
    0xff, 0xfd, 0xc8, 0xc4, 0xa9, 0xe8, 0xff, 0xff,
    0xff, 0xff, 0xec, 0xae, 0xc6, 0xe3, 0xb7, 0xe8,
    0xb3, 0xc6, 0xdb, 0xcf, 0xd6, 0xae, 0xfa, 0xff,
    0xff, 0xff, 0xb0, 0x0, 0x0, 0x0, 0x2e, 0xff,
    0xff, 0xff, 0xff, 0xff, 0xff, 0xff, 0xff, 0x90,
    0xff, 0xff, 0xff, 0xff, 0xff, 0xfc, 0xc0, 0xb9,
    0xbd, 0xc8, 0xff, 0xff, 0xff, 0xff, 0xfc, 0xca,
    0xba, 0xfa, 0xd0, 0xcc, 0xc1, 0xbb, 0xe8, 0xc9,
    0xdc, 0xf3, 0xff, 0xff, 0xff, 0xff, 0x98, 0x0,
    0x0, 0x0, 0x46, 0xff, 0xff, 0xff, 0xff, 0xff,
    0xff, 0xff, 0xff, 0x90, 0xff, 0xff, 0xff, 0xff,
    0xff, 0xf7, 0xb2, 0xbb, 0xcd, 0xc4, 0xff, 0xff,
    0xff, 0xff, 0xff, 0xea, 0xc0, 0xfc, 0xe1, 0xb6,
    0xd2, 0xb5, 0xf4, 0xe3, 0xe8, 0xff, 0xff, 0xff,
    0xff, 0xff, 0x7f, 0x0, 0x0, 0x0, 0x5b, 0xff,
    0xff, 0xff, 0xff, 0xff, 0xff, 0xff, 0xff, 0x90,
    0xff, 0xff, 0xff, 0xff, 0xff, 0xf2, 0xe0, 0xce,
    0xad, 0xff, 0xff, 0xff, 0xff, 0xff, 0xff, 0xff,
    0xff, 0xff, 0xae, 0xf8, 0xae, 0xcf, 0xf3, 0xff,
    0xff, 0xff, 0xff, 0xff, 0xff, 0xff, 0x67, 0x0,
    0x0, 0x0, 0x77, 0xff, 0xff, 0xff, 0xff, 0xff,
    0xff, 0xff, 0xff, 0x90, 0xff, 0xff, 0xff, 0xff,
    0xff, 0xfb, 0xb1, 0xbe, 0xe8, 0xff, 0xff, 0xff,
    0xff, 0xff, 0xff, 0xff, 0xff, 0xff, 0xff, 0xb1,
    0xe5, 0xca, 0xff, 0xff, 0xff, 0xff, 0xff, 0xff,
    0xff, 0xff, 0xc9, 0xc, 0x0, 0x31, 0xe8, 0xff,
    0xff, 0xff, 0xff, 0xff, 0xff, 0xff, 0xff, 0x90,
    0xff, 0xff, 0xff, 0xff, 0xff, 0xff, 0xf0, 0xdf,
    0xff, 0xd8, 0x21, 0x0, 0x0, 0x0, 0x0, 0x0,
    0x7, 0xbc, 0xff, 0xff, 0xc1, 0xfc, 0x69, 0x0,
    0x0, 0x0, 0x0, 0x0, 0x0, 0x53, 0xfc, 0xba,
    0x47, 0xf1, 0xff, 0xff, 0xff, 0xff, 0xff, 0xff,
    0xff, 0xff, 0xff, 0x90, 0xff, 0xff, 0xff, 0xff,
    0xff, 0xff, 0xff, 0xff, 0xc3, 0x12, 0x0, 0x0,
    0x0, 0x0, 0x0, 0x0, 0x0, 0xb, 0xc6, 0xff,
    0xf5, 0x4c, 0x0, 0x0, 0x0, 0x0, 0x0, 0x0,
    0x0, 0x0, 0x5f, 0xfe, 0xff, 0xff, 0xff, 0xff,
    0xff, 0xff, 0xff, 0xff, 0xff, 0xff, 0xff, 0x90,
    0xff, 0xff, 0xff, 0xff, 0xff, 0xff, 0xff, 0xff,
    0xbb, 0x6, 0x0, 0x0, 0x0, 0x0, 0x0, 0x0,
    0x0, 0x1e, 0xd3, 0xff, 0xf4, 0x39, 0x0, 0x0,
    0x0, 0x0, 0x0, 0x0, 0x0, 0x0, 0x7c, 0xff,
    0xff, 0xff, 0xff, 0xff, 0xff, 0xff, 0xff, 0xff,
    0xff, 0xff, 0xff, 0x90, 0xff, 0xff, 0xff, 0xff,
    0xff, 0xff, 0x90, 0x62, 0xfe, 0xac, 0x3, 0x0,
    0x0, 0x0, 0x0, 0x0, 0x2f, 0xe4, 0xff, 0xf5,
    0xff, 0xee, 0x2d, 0x0, 0x0, 0x0, 0x0, 0x0,
    0x3, 0x99, 0xff, 0xde, 0xe2, 0xff, 0xff, 0xff,
    0xff, 0xff, 0xff, 0xff, 0xff, 0xff, 0xff, 0x90,
    0xff, 0xff, 0xff, 0xff, 0xfd, 0x70, 0x0, 0x0,
    0x72, 0xff, 0xff, 0xff, 0xff, 0xff, 0xff, 0xff,
    0xff, 0xff, 0xdf, 0xb8, 0xde, 0xff, 0xff, 0xff,
    0xff, 0xff, 0xff, 0xff, 0xff, 0xff, 0xd2, 0xbb,
    0xb0, 0xe7, 0xff, 0xff, 0xff, 0xff, 0xff, 0xff,
    0xff, 0xff, 0xff, 0x90, 0xff, 0xff, 0xff, 0xff,
    0xcc, 0x0, 0x0, 0x0, 0x8, 0xff, 0xff, 0xff,
    0xff, 0xff, 0xff, 0xff, 0xff, 0xd2, 0xc4, 0xc8,
    0xc7, 0xda, 0xff, 0xff, 0xff, 0xff, 0xff, 0xff,
    0xff, 0xff, 0xbe, 0xbc, 0xbd, 0xce, 0xff, 0xff,
    0xff, 0xff, 0xff, 0xff, 0xff, 0xff, 0xff, 0x90,
    0xff, 0xff, 0xff, 0xff, 0xb4, 0x0, 0x0, 0x0,
    0x21, 0xff, 0xff, 0xff, 0xff, 0xff, 0xff, 0xb2,
    0xff, 0xdf, 0xa5, 0xea, 0xab, 0xf4, 0xff, 0xc0,
    0xff, 0xff, 0xff, 0xff, 0xff, 0xff, 0xa5, 0xc4,
    0xcc, 0xc3, 0xff, 0xff, 0xff, 0xff, 0xff, 0xff,
    0xff, 0xff, 0xff, 0x90, 0xff, 0xff, 0xff, 0xff,
    0x9d, 0x0, 0x0, 0x0, 0x39, 0xff, 0xff, 0xff,
    0xff, 0xff, 0xab, 0xef, 0xfb, 0xc3, 0xee, 0xae,
    0xf2, 0xe1, 0xbe, 0xf2, 0xdd, 0xff, 0xff, 0xff,
    0xff, 0xea, 0xe6, 0xc6, 0xb1, 0xf7, 0xff, 0xff,
    0xff, 0xff, 0xff, 0xff, 0xff, 0xff, 0xff, 0x90,
    0xff, 0xff, 0xff, 0xff, 0x85, 0x0, 0x0, 0x0,
    0x51, 0xff, 0xff, 0xff, 0xf7, 0xb0, 0xf2, 0xac,
    0xff, 0xd1, 0xb0, 0xf3, 0xae, 0xff, 0xf6, 0xb0,
    0xf3, 0xf3, 0xff, 0xff, 0xff, 0xfb, 0xb3, 0xc6,
    0xd6, 0xd8, 0xff, 0xff, 0xff, 0xff, 0xff, 0xff,
    0xff, 0xff, 0xff, 0x90, 0xff, 0xff, 0xff, 0xff,
    0x6d, 0x0, 0x0, 0x0, 0x69, 0xff, 0xff, 0xf3,
    0xbf, 0xcb, 0xbc, 0xda, 0xfa, 0xb8, 0xcb, 0xbf,
    0xc6, 0xf7, 0xbb, 0xd0, 0xbf, 0xdc, 0xff, 0xff,
    0xff, 0xdc, 0xc2, 0xb8, 0xb7, 0xf4, 0xff, 0xff,
    0xff, 0xff, 0xff, 0xff, 0xff, 0xff, 0xff, 0x90,
    0xff, 0xff, 0xff, 0xff, 0x56, 0x0, 0x0, 0x0,
    0x82, 0xff, 0xfa, 0xb9, 0xb6, 0xc3, 0xc5, 0xd1,
    0xf7, 0xb9, 0xc7, 0xc2, 0xcf, 0xff, 0xc6, 0xc6,
    0xc5, 0xc3, 0xd4, 0xff, 0xff, 0xcf, 0xc4, 0xb6,
    0xb7, 0xf1, 0xff, 0xff, 0xff, 0xff, 0xff, 0xff,
    0xff, 0xff, 0xff, 0x90, 0xff, 0xff, 0xff, 0xff,
    0x3e, 0x0, 0x0, 0x0, 0x9b, 0xff, 0xbb, 0xce,
    0xc6, 0xac, 0xec, 0xff, 0xda, 0xc7, 0xa5, 0xeb,
    0xab, 0xff, 0xf6, 0xb0, 0xec, 0xa6, 0xc6, 0xdd,
    0xff, 0xef, 0xa9, 0xbe, 0xcc, 0xfd, 0xff, 0xff,
    0xff, 0xff, 0xff, 0xff, 0xff, 0xff, 0xff, 0x90,
    0xff, 0xff, 0xff, 0xff, 0x26, 0x0, 0x0, 0x0,
    0xb4, 0xc4, 0xf4, 0xbc, 0xc8, 0xec, 0xff, 0xff,
    0xff, 0xc6, 0xec, 0xb3, 0xff, 0xff, 0xff, 0xfd,
    0xae, 0xea, 0xc8, 0xbe, 0xfe, 0xae, 0xe4, 0xca,
    0xb6, 0xf7, 0xff, 0xff, 0xff, 0xff, 0xff, 0xff,
    0xff, 0xff, 0xff, 0x90, 0xff, 0xff, 0xff, 0xff,
    0xf, 0x0, 0x0, 0x0, 0xcd, 0xf2, 0xaa, 0xd3,
    0xd7, 0xff, 0xff, 0xff, 0xd8, 0xcf, 0xb0, 0xf4,
    0xb1, 0xff, 0xff, 0xff, 0xff, 0xae, 0xc7, 0xd1,
    0xff, 0xef, 0xa0, 0xc4, 0xcf, 0xfe, 0xff, 0xff,
    0xff, 0xff, 0xff, 0xff, 0xff, 0xff, 0xff, 0x90,
    0xff, 0xff, 0xff, 0xf7, 0x0, 0x0, 0x0, 0x0,
    0xe3, 0xc0, 0xc9, 0xc5, 0xff, 0xff, 0xff, 0xff,
    0xea, 0xbc, 0xd0, 0xbd, 0xdf, 0xff, 0xff, 0xff,
    0xff, 0xed, 0xbf, 0xc7, 0xff, 0xc6, 0xc8, 0xbf,
    0xbb, 0xfd, 0xff, 0xff, 0xff, 0xff, 0xff, 0xff,
    0xff, 0xff, 0xff, 0x90, 0xff, 0xff, 0xff, 0xdf,
    0x0, 0x0, 0x0, 0x0, 0xf8, 0xc3, 0xd7, 0xff,
    0xff, 0xff, 0xff, 0xff, 0xe4, 0xbb, 0xc8, 0xbe,
    0xe3, 0xff, 0xff, 0xff, 0xff, 0xff, 0xdc, 0xd8,
    0xff, 0xc3, 0xc8, 0xbe, 0xc1, 0xff, 0xff, 0xff,
    0xff, 0xff, 0xff, 0xff, 0xff, 0xff, 0xff, 0x90,
    0xff, 0xff, 0xff, 0xc7, 0x0, 0x0, 0x0, 0x12,
    0xff, 0xf1, 0xff, 0xff, 0xff, 0xff, 0xff, 0xff,
    0xd1, 0xc7, 0xac, 0xf0, 0xf5, 0xff, 0xff, 0xff,
    0xff, 0xff, 0xf7, 0xda, 0xe0, 0xf1, 0xa5, 0xbd,
    0xd8, 0xff, 0xff, 0xff, 0xff, 0xff, 0xff, 0xff,
    0xff, 0xff, 0xff, 0x90, 0xff, 0xff, 0xff, 0xb0,
    0x0, 0x0, 0x0, 0x29, 0xff, 0xff, 0xff, 0xff,
    0xff, 0xff, 0xff, 0xff, 0xff, 0xc4, 0xef, 0xf7,
    0xff, 0xff, 0xff, 0xff, 0xff, 0xff, 0xff, 0xff,
    0xff, 0xb1, 0xe8, 0xcb, 0xdd, 0xff, 0xff, 0xff,
    0xff, 0xdf, 0xfe, 0xff, 0xff, 0xff, 0xff, 0x90,
    0xff, 0xff, 0xff, 0x98, 0x0, 0x0, 0x0, 0x63,
    0xff, 0xff, 0xff, 0xff, 0xff, 0xff, 0xff, 0xff,
    0xff, 0xff, 0xf9, 0xff, 0xff, 0xff, 0xff, 0xff,
    0xff, 0xff, 0xff, 0xff, 0xcf, 0xef, 0xa9, 0xc2,
    0xdd, 0xff, 0xff, 0xd5, 0xc3, 0xd2, 0xa6, 0xee,
    0xff, 0xff, 0xff, 0x90, 0xff, 0xff, 0xff, 0x80,
    0x0, 0x0, 0x5d, 0xfb, 0xbd, 0x8c, 0x8c, 0x8c,
    0x8c, 0x8c, 0x8c, 0x8c, 0x8c, 0x8c, 0x8c, 0x8c,
    0x8c, 0x8c, 0x8c, 0x8c, 0x8c, 0x8c, 0x8c, 0xc0,
    0xff, 0xcc, 0xc3, 0xbd, 0xe6, 0xff, 0xf3, 0xc4,
    0xb8, 0xb8, 0xd3, 0xbe, 0xea, 0xff, 0xff, 0x90,
    0xff, 0xff, 0xff, 0x81, 0x0, 0x70, 0xfe, 0x9f,
    0x3, 0x0, 0x0, 0x0, 0x0, 0x0, 0x0, 0x0,
    0x0, 0x0, 0x0, 0x0, 0x0, 0x0, 0x0, 0x0,
    0x0, 0x0, 0x0, 0x8, 0xc4, 0xff, 0xc9, 0xbc,
    0xf1, 0xff, 0xc7, 0xbb, 0xb8, 0xb9, 0xd5, 0xbf,
    0xe7, 0xff, 0xff, 0x90, 0xff, 0xff, 0xff, 0xf9,
    0xa3, 0xff, 0x8c, 0x1, 0x0, 0x0, 0x0, 0x0,
    0x0, 0x0, 0x0, 0x0, 0x0, 0x0, 0x0, 0x0,
    0x0, 0x0, 0x0, 0x0, 0x0, 0x0, 0x0, 0x0,
    0x11, 0xd5, 0xfc, 0xf7, 0xff, 0xff, 0xf3, 0xaa,
    0xba, 0xce, 0xa7, 0xe9, 0xe2, 0xff, 0xff, 0x90,
    0xff, 0xff, 0xff, 0xff, 0xff, 0x92, 0x0, 0x0,
    0x0, 0x0, 0x0, 0x0, 0x0, 0x0, 0x0, 0x0,
    0x0, 0x0, 0x0, 0x0, 0x0, 0x0, 0x0, 0x0,
    0x0, 0x0, 0x0, 0x0, 0x0, 0x20, 0xf9, 0xff,
    0xff, 0xff, 0xff, 0xdf, 0xce, 0xb8, 0xfb, 0xb6,
    0xff, 0xff, 0xff, 0x90, 0xff, 0xff, 0xff, 0xff,
    0xff, 0xe4, 0x47, 0x40, 0x40, 0x40, 0x40, 0x40,
    0x40, 0x40, 0x40, 0x40, 0x40, 0x40, 0x40, 0x40,
    0x40, 0x40, 0x40, 0x40, 0x40, 0x40, 0x40, 0x40,
    0x40, 0xaf, 0xff, 0xff, 0xff, 0xff, 0xff, 0xff,
    0xcd, 0xdf, 0xca, 0xff, 0xff, 0xff, 0xff, 0x90,
    0xff, 0xff, 0xff, 0xff, 0xff, 0xff, 0xff, 0xff,
    0xff, 0xff, 0xff, 0xff, 0xff, 0xff, 0xff, 0xff,
    0xff, 0xff, 0xff, 0xff, 0xff, 0xff, 0xff, 0xff,
    0xff, 0xff, 0xff, 0xff, 0xff, 0xff, 0xff, 0xff,
    0xff, 0xff, 0xff, 0xff, 0xff, 0xff, 0xff, 0xff,
    0xff, 0xff, 0xff, 0x90, 0xff, 0xff, 0xff, 0xff,
    0xff, 0xff, 0xff, 0xff, 0xff, 0xff, 0xff, 0xff,
    0xff, 0xff, 0xff, 0xff, 0xff, 0xff, 0xff, 0xff,
    0xff, 0xff, 0xff, 0xff, 0xff, 0xff, 0xff, 0xff,
    0xff, 0xff, 0xff, 0xff, 0xff, 0xff, 0xff, 0xff,
    0xff, 0xff, 0xff, 0xff, 0xff, 0xff, 0xff, 0x90,
    0xff, 0xff, 0xff, 0xff, 0xff, 0xff, 0xff, 0xff,
    0xff, 0xff, 0xff, 0xff, 0xff, 0xff, 0xff, 0xff,
    0xff, 0xff, 0xff, 0xff, 0xff, 0xff, 0xff, 0xff,
    0xff, 0xff, 0xff, 0xff, 0xff, 0xff, 0xff, 0xff,
    0xff, 0xff, 0xff, 0xff, 0xff, 0xff, 0xff, 0xff,
    0xff, 0xff, 0xff, 0x90, 0xff, 0xff, 0xff, 0xff,
    0xff, 0xff, 0xff, 0xff, 0xff, 0xff, 0xff, 0xff,
    0xff, 0xff, 0xff, 0xff, 0xff, 0xff, 0xff, 0xff,
    0xff, 0xff, 0xff, 0xff, 0xff, 0xff, 0xff, 0xff,
    0xff, 0xff, 0xff, 0xff, 0xff, 0xff, 0xff, 0xff,
    0xff, 0xff, 0xff, 0xff, 0xff, 0xff, 0xff, 0x90,
    0xff, 0xff, 0xff, 0xff, 0xff, 0xff, 0xff, 0xff,
    0xff, 0xff, 0xff, 0xff, 0xff, 0xff, 0xff, 0xff,
    0xff, 0xff, 0xff, 0xff, 0xff, 0xff, 0xff, 0xff,
    0xff, 0xff, 0xff, 0xff, 0xff, 0xff, 0xff, 0xff,
    0xff, 0xff, 0xff, 0xff, 0xff, 0xff, 0xff, 0xff,
    0xff, 0xff, 0xff, 0x90, 0xff, 0xff, 0xff, 0xff,
    0xff, 0xff, 0xff, 0xff, 0xff, 0xff, 0xff, 0xff,
    0xff, 0xff, 0xff, 0xff, 0xff, 0xff, 0xff, 0xff,
    0xff, 0xff, 0xff, 0xff, 0xff, 0xff, 0xff, 0xff,
    0xff, 0xff, 0xff, 0xff, 0xff, 0xff, 0xff, 0xff,
    0xff, 0xff, 0xff, 0xff, 0xff, 0xff, 0xff, 0x90,

    /* U+0033 "3" */
    0xff, 0xff, 0xff, 0xff, 0xff, 0xff, 0xff, 0xff,
    0xff, 0xff, 0xff, 0xff, 0xff, 0xff, 0xff, 0xff,
    0xff, 0xff, 0xff, 0xff, 0xff, 0xff, 0xff, 0xff,
    0xff, 0xff, 0xff, 0xff, 0xff, 0xff, 0xff, 0xff,
    0xff, 0xff, 0xff, 0xff, 0xff, 0xff, 0xff, 0xff,
    0xff, 0xff, 0xff, 0x90, 0xff, 0xff, 0xff, 0xff,
    0xff, 0xff, 0xff, 0xff, 0xff, 0xff, 0xff, 0xff,
    0xff, 0xff, 0xff, 0xff, 0xff, 0xff, 0xff, 0xff,
    0xff, 0xff, 0xff, 0xff, 0xff, 0xff, 0xff, 0xff,
    0xff, 0xff, 0xff, 0xff, 0xff, 0xff, 0xff, 0xff,
    0xff, 0xff, 0xff, 0xff, 0xff, 0xff, 0xff, 0x90,
    0xff, 0xff, 0xff, 0xff, 0xff, 0xff, 0xff, 0xff,
    0xff, 0xff, 0xff, 0xff, 0xff, 0xff, 0xff, 0xff,
    0xff, 0xff, 0xff, 0xff, 0xff, 0xff, 0xff, 0xff,
    0xff, 0xff, 0xff, 0xff, 0xff, 0xff, 0xff, 0xff,
    0xff, 0xff, 0xff, 0xff, 0xff, 0xff, 0xff, 0xff,
    0xff, 0xff, 0xff, 0x90, 0xff, 0xff, 0xff, 0xff,
    0xff, 0xff, 0xff, 0xff, 0xff, 0xff, 0xff, 0xff,
    0xff, 0xff, 0xff, 0xff, 0xff, 0xff, 0xff, 0xff,
    0xff, 0xff, 0xff, 0xff, 0xff, 0xff, 0xff, 0xff,
    0xff, 0xff, 0xff, 0xff, 0xff, 0xff, 0xff, 0xff,
    0xff, 0xff, 0xff, 0xff, 0xff, 0xff, 0xff, 0x90,
    0xff, 0xff, 0xff, 0xff, 0xff, 0xff, 0xff, 0xff,
    0xff, 0xdc, 0x33, 0x24, 0x24, 0x24, 0x24, 0x24,
    0x24, 0x24, 0x24, 0x24, 0x24, 0x24, 0x24, 0x24,
    0x24, 0x24, 0x24, 0x24, 0x24, 0x24, 0x24, 0x24,
    0x24, 0x89, 0xff, 0xff, 0xff, 0xff, 0xff, 0xff,
    0xff, 0xff, 0xff, 0x90, 0xff, 0xff, 0xff, 0xff,
    0xff, 0xff, 0xff, 0xff, 0xff, 0x80, 0x0, 0x0,
    0x0, 0x0, 0x0, 0x0, 0x0, 0x0, 0x0, 0x0,
    0x0, 0x0, 0x0, 0x0, 0x0, 0x0, 0x0, 0x0,
    0x0, 0x0, 0x0, 0x0, 0x0, 0x3f, 0xfc, 0xff,
    0xff, 0xff, 0xff, 0xff, 0xff, 0xff, 0xff, 0x90,
    0xff, 0xff, 0xff, 0xff, 0xff, 0xff, 0xff, 0xe0,
    0xeb, 0xfd, 0x53, 0x0, 0x0, 0x0, 0x0, 0x0,
    0x0, 0x0, 0x0, 0x0, 0x0, 0x0, 0x0, 0x0,
    0x0, 0x0, 0x0, 0x0, 0x0, 0x0, 0x0, 0x0,
    0x48, 0xf5, 0xc1, 0xbd, 0xff, 0xff, 0xff, 0xff,
    0xff, 0xff, 0xff, 0x90, 0xff, 0xff, 0xff, 0xff,
    0xff, 0xff, 0xfc, 0xcf, 0xac, 0xfe, 0xf7, 0x38,
    0x0, 0x0, 0x0, 0x0, 0x0, 0x0, 0x0, 0x0,
    0x0, 0x0, 0x0, 0x0, 0x0, 0x0, 0x0, 0x0,
    0x0, 0x0, 0x0, 0x51, 0xf9, 0xb2, 0x8, 0x16,
    0xff, 0xff, 0xff, 0xff, 0xff, 0xff, 0xff, 0x90,
    0xff, 0xff, 0xff, 0xff, 0xff, 0xff, 0xff, 0xc4,
    0xea, 0xb8, 0xff, 0xea, 0x88, 0x88, 0x88, 0x88,
    0x88, 0x88, 0x88, 0x88, 0x88, 0x88, 0x88, 0x88,
    0x88, 0x88, 0x88, 0x88, 0x88, 0x88, 0x92, 0xfb,
    0xa2, 0x4, 0x0, 0x20, 0xff, 0xff, 0xff, 0xff,
    0xff, 0xff, 0xff, 0x90, 0xff, 0xff, 0xff, 0xff,
    0xff, 0xff, 0xe8, 0xc3, 0xac, 0xe7, 0xbd, 0xff,
    0xff, 0xff, 0xff, 0xff, 0xff, 0xff, 0xff, 0xff,
    0xfd, 0xf1, 0xff, 0xff, 0xff, 0xff, 0xff, 0xff,
    0xff, 0xff, 0xff, 0xb9, 0x1, 0x0, 0x0, 0x3a,
    0xff, 0xff, 0xff, 0xff, 0xff, 0xff, 0xff, 0x90,
    0xff, 0xff, 0xff, 0xff, 0xff, 0xff, 0xeb, 0xbb,
    0xc4, 0xc5, 0xd2, 0xee, 0xf2, 0xff, 0xff, 0xff,
    0xff, 0xff, 0xff, 0xff, 0xc9, 0xb7, 0xe9, 0xff,
    0xff, 0xff, 0xff, 0xff, 0xff, 0xff, 0xf1, 0x8a,
    0x0, 0x0, 0x0, 0x51, 0xff, 0xff, 0xff, 0xff,
    0xff, 0xff, 0xff, 0x90, 0xff, 0xff, 0xff, 0xff,
    0xff, 0xff, 0xf2, 0xb7, 0xca, 0xbe, 0xda, 0xfb,
    0xe0, 0xff, 0xff, 0xff, 0xff, 0xff, 0xff, 0xbd,
    0xc8, 0xb7, 0xb6, 0xfa, 0xff, 0xff, 0xff, 0xff,
    0xff, 0xde, 0xe9, 0x71, 0x0, 0x0, 0x0, 0x69,
    0xff, 0xff, 0xff, 0xff, 0xff, 0xff, 0xff, 0x90,
    0xff, 0xff, 0xff, 0xff, 0xff, 0xff, 0xe0, 0xce,
    0xac, 0xf3, 0xba, 0xd8, 0xd6, 0xfb, 0xff, 0xff,
    0xff, 0xff, 0xff, 0xf2, 0xb2, 0xcd, 0xd3, 0xff,
    0xff, 0xff, 0xff, 0xff, 0xd3, 0xf6, 0xda, 0x59,
    0x0, 0x0, 0x0, 0x80, 0xff, 0xff, 0xff, 0xff,
    0xff, 0xff, 0xff, 0x90, 0xff, 0xff, 0xff, 0xff,
    0xff, 0xff, 0xee, 0xc6, 0xe6, 0xaf, 0xff, 0xfe,
    0xc7, 0xec, 0xff, 0xff, 0xff, 0xff, 0xfc, 0xb1,
    0xea, 0xc6, 0xcc, 0xff, 0xff, 0xff, 0xff, 0xea,
    0xfb, 0xa8, 0xfb, 0x41, 0x0, 0x0, 0x0, 0x98,
    0xff, 0xff, 0xff, 0xff, 0xff, 0xff, 0xff, 0x90,
    0xff, 0xff, 0xff, 0xff, 0xff, 0xff, 0xd0, 0xc2,
    0xa5, 0xd8, 0xd0, 0xd9, 0xc3, 0xa9, 0xe9, 0xff,
    0xff, 0xff, 0xee, 0xe9, 0xaa, 0xc2, 0xc8, 0xff,
    0xff, 0xff, 0xf4, 0xbc, 0xac, 0xe8, 0xf2, 0x29,
    0x0, 0x0, 0x0, 0xb0, 0xff, 0xff, 0xff, 0xff,
    0xff, 0xff, 0xff, 0x90, 0xff, 0xff, 0xff, 0xff,
    0xff, 0xff, 0xd9, 0xbd, 0xc1, 0xda, 0xe6, 0xeb,
    0xba, 0xc1, 0xc2, 0xd1, 0xff, 0xff, 0xe9, 0xc2,
    0xc7, 0xbd, 0xda, 0xff, 0xff, 0xf0, 0xd3, 0xcc,
    0xca, 0xc7, 0xff, 0x11, 0x0, 0x0, 0x0, 0xc7,
    0xff, 0xff, 0xff, 0xff, 0xff, 0xff, 0xff, 0x90,
    0xff, 0xff, 0xff, 0xff, 0xff, 0xff, 0xbc, 0xbe,
    0xcc, 0xbc, 0xfe, 0xf4, 0xbc, 0xcf, 0xb4, 0xd3,
    0xcb, 0xff, 0xef, 0xbe, 0xd3, 0xb9, 0xe5, 0xff,
    0xf1, 0xe3, 0xbb, 0xb4, 0xd5, 0xff, 0xf8, 0x0,
    0x0, 0x0, 0x0, 0xe2, 0xff, 0xff, 0xff, 0xff,
    0xff, 0xff, 0xff, 0x90, 0xff, 0xff, 0xff, 0xff,
    0xff, 0xff, 0xe0, 0xc7, 0xa6, 0xf8, 0xff, 0xff,
    0xfc, 0xa8, 0xf9, 0xab, 0xcf, 0xe6, 0xbd, 0xfa,
    0xa8, 0xd0, 0xd8, 0xf4, 0xff, 0xaa, 0xce, 0xd3,
    0xfe, 0xff, 0xe0, 0x0, 0x0, 0x0, 0x1, 0xfa,
    0xff, 0xff, 0xff, 0xff, 0xff, 0xff, 0xff, 0x90,
    0xff, 0xff, 0xff, 0xff, 0xff, 0xf6, 0xb7, 0xc8,
    0xe5, 0xb0, 0xff, 0xff, 0xff, 0xfb, 0xae, 0xe8,
    0xba, 0xf8, 0xfe, 0xa7, 0xf0, 0xbe, 0xfe, 0xf1,
    0xae, 0xe9, 0xbc, 0xf9, 0xff, 0xff, 0xc8, 0x0,
    0x0, 0x0, 0x15, 0xff, 0xff, 0xff, 0xff, 0xff,
    0xff, 0xff, 0xff, 0x90, 0xff, 0xff, 0xff, 0xff,
    0xff, 0xfd, 0xc8, 0xc4, 0xa9, 0xe8, 0xff, 0xff,
    0xff, 0xff, 0xec, 0xae, 0xd0, 0xea, 0xb7, 0xe8,
    0xb3, 0xc6, 0xdb, 0xcf, 0xd6, 0xae, 0xfa, 0xff,
    0xff, 0xff, 0xb0, 0x0, 0x0, 0x0, 0x2e, 0xff,
    0xff, 0xff, 0xff, 0xff, 0xff, 0xff, 0xff, 0x90,
    0xff, 0xff, 0xff, 0xff, 0xff, 0xfc, 0xc0, 0xb9,
    0xbd, 0xc8, 0xff, 0xff, 0xff, 0xff, 0xfc, 0xca,
    0xba, 0xfa, 0xd0, 0xcc, 0xc1, 0xbb, 0xe8, 0xc9,
    0xdc, 0xf3, 0xff, 0xff, 0xff, 0xff, 0x98, 0x0,
    0x0, 0x0, 0x46, 0xff, 0xff, 0xff, 0xff, 0xff,
    0xff, 0xff, 0xff, 0x90, 0xff, 0xff, 0xff, 0xff,
    0xff, 0xf6, 0xae, 0xbb, 0xcd, 0xc4, 0xff, 0xff,
    0xff, 0xff, 0xff, 0xea, 0xc0, 0xfc, 0xe1, 0xb6,
    0xd2, 0xb5, 0xf4, 0xe3, 0xe9, 0xff, 0xff, 0xff,
    0xff, 0xff, 0x7f, 0x0, 0x0, 0x0, 0x5b, 0xff,
    0xff, 0xff, 0xff, 0xff, 0xff, 0xff, 0xff, 0x90,
    0xff, 0xff, 0xff, 0xff, 0xff, 0xf3, 0xe3, 0xce,
    0xad, 0xfe, 0xff, 0xff, 0xff, 0xff, 0xff, 0xff,
    0xff, 0xff, 0xae, 0xf8, 0xae, 0xcf, 0xf3, 0xff,
    0xff, 0xff, 0xff, 0xff, 0xff, 0xff, 0x67, 0x0,
    0x0, 0x0, 0x77, 0xff, 0xff, 0xff, 0xff, 0xff,
    0xff, 0xff, 0xff, 0x90, 0xff, 0xff, 0xff, 0xff,
    0xff, 0xfb, 0xb1, 0xbe, 0xe8, 0xff, 0xff, 0xff,
    0xff, 0xff, 0xff, 0xff, 0xff, 0xff, 0xff, 0xb1,
    0xe5, 0xca, 0xff, 0xff, 0xff, 0xff, 0xff, 0xff,
    0xff, 0xff, 0xc9, 0xc, 0x0, 0x31, 0xe8, 0xff,
    0xff, 0xff, 0xff, 0xff, 0xff, 0xff, 0xff, 0x90,
    0xff, 0xff, 0xff, 0xff, 0xff, 0xff, 0xf0, 0xdf,
    0xff, 0xea, 0xda, 0xc9, 0xbd, 0xb4, 0xda, 0xc2,
    0xc9, 0xf7, 0xff, 0xff, 0xc1, 0xfc, 0x69, 0x0,
    0x0, 0x0, 0x0, 0x0, 0x0, 0x53, 0xfc, 0xba,
    0x47, 0xf1, 0xff, 0xff, 0xff, 0xff, 0xff, 0xff,
    0xff, 0xff, 0xff, 0x90, 0xff, 0xff, 0xff, 0xff,
    0xff, 0xff, 0xff, 0xff, 0xd6, 0xe2, 0xb3, 0xba,
    0xbe, 0xb7, 0xd2, 0xbd, 0xc1, 0xcf, 0xf8, 0xff,
    0xf5, 0x4c, 0x0, 0x0, 0x0, 0x0, 0x0, 0x0,
    0x0, 0x0, 0x5f, 0xfe, 0xff, 0xff, 0xff, 0xff,
    0xff, 0xff, 0xff, 0xff, 0xff, 0xff, 0xff, 0x90,
    0xff, 0xff, 0xff, 0xff, 0xff, 0xff, 0xff, 0xff,
    0xfb, 0xb6, 0xf2, 0xbc, 0xc5, 0xdf, 0xb6, 0xe0,
    0xbd, 0xcc, 0xfa, 0xff, 0xf4, 0x39, 0x0, 0x0,
    0x0, 0x0, 0x0, 0x0, 0x0, 0x0, 0x7c, 0xff,
    0xff, 0xff, 0xff, 0xff, 0xff, 0xff, 0xff, 0xff,
    0xff, 0xff, 0xff, 0x90, 0xff, 0xff, 0xff, 0xff,
    0xff, 0xff, 0xe9, 0xd2, 0xff, 0xff, 0xab, 0xd5,
    0xd1, 0xad, 0xff, 0xaa, 0xe1, 0xf2, 0xff, 0xf5,
    0xff, 0xee, 0x2d, 0x0, 0x0, 0x0, 0x0, 0x0,
    0x3, 0x99, 0xff, 0x78, 0x81, 0xff, 0xff, 0xff,
    0xff, 0xff, 0xff, 0xff, 0xff, 0xff, 0xff, 0x90,
    0xff, 0xff, 0xff, 0xff, 0xff, 0xe0, 0xab, 0xbc,
    0xd8, 0xff, 0xff, 0xff, 0xff, 0xff, 0xff, 0xff,
    0xff, 0xff, 0xdf, 0xb8, 0xde, 0xff, 0xff, 0xff,
    0xff, 0xff, 0xff, 0xff, 0xff, 0xfc, 0x61, 0x0,
    0x0, 0x99, 0xff, 0xff, 0xff, 0xff, 0xff, 0xff,
    0xff, 0xff, 0xff, 0x90, 0xff, 0xff, 0xff, 0xff,
    0xff, 0xcf, 0xbc, 0xbe, 0xc4, 0xff, 0xff, 0xff,
    0xff, 0xff, 0xff, 0xff, 0xff, 0xd2, 0xc4, 0xc8,
    0xc7, 0xda, 0xff, 0xff, 0xff, 0xff, 0xff, 0xff,
    0xff, 0xb8, 0x0, 0x0, 0x0, 0x25, 0xff, 0xff,
    0xff, 0xff, 0xff, 0xff, 0xff, 0xff, 0xff, 0x90,
    0xff, 0xff, 0xff, 0xff, 0xff, 0xb1, 0xcf, 0xc2,
    0xbe, 0xff, 0xff, 0xff, 0xff, 0xff, 0xff, 0xb2,
    0xff, 0xdf, 0xa5, 0xea, 0xab, 0xf4, 0xff, 0xc0,
    0xff, 0xff, 0xff, 0xff, 0xff, 0xa0, 0x0, 0x0,
    0x0, 0x3a, 0xff, 0xff, 0xff, 0xff, 0xff, 0xff,
    0xff, 0xff, 0xff, 0x90, 0xff, 0xff, 0xff, 0xff,
    0xe7, 0xf9, 0xb1, 0xc3, 0xe9, 0xff, 0xff, 0xff,
    0xff, 0xff, 0xab, 0xef, 0xfb, 0xc3, 0xee, 0xae,
    0xf2, 0xe1, 0xbe, 0xf2, 0xdd, 0xff, 0xff, 0xff,
    0xff, 0x87, 0x0, 0x0, 0x0, 0x56, 0xff, 0xff,
    0xff, 0xff, 0xff, 0xff, 0xff, 0xff, 0xff, 0x90,
    0xff, 0xff, 0xff, 0xff, 0xfc, 0xac, 0xd5, 0xc9,
    0xd6, 0xff, 0xff, 0xff, 0xf7, 0xb0, 0xf2, 0xac,
    0xff, 0xd1, 0xb0, 0xf3, 0xae, 0xff, 0xf6, 0xb0,
    0xf3, 0xf4, 0xff, 0xff, 0xff, 0x6f, 0x0, 0x0,
    0x0, 0x6c, 0xff, 0xff, 0xff, 0xff, 0xff, 0xff,
    0xff, 0xff, 0xff, 0x90, 0xff, 0xff, 0xff, 0xff,
    0xda, 0xd1, 0xb9, 0xb9, 0xea, 0xff, 0xff, 0xf3,
    0xbf, 0xcb, 0xbc, 0xda, 0xfa, 0xb8, 0xcb, 0xbf,
    0xc6, 0xf7, 0xbb, 0xd0, 0xbf, 0xdc, 0xff, 0xff,
    0xff, 0x57, 0x0, 0x0, 0x0, 0x86, 0xff, 0xff,
    0xff, 0xff, 0xff, 0xff, 0xff, 0xff, 0xff, 0x90,
    0xff, 0xff, 0xff, 0xff, 0xce, 0xca, 0xbb, 0xbc,
    0xe9, 0xff, 0xfa, 0xb9, 0xb6, 0xc3, 0xc5, 0xd1,
    0xf7, 0xb9, 0xc7, 0xc2, 0xcf, 0xff, 0xc6, 0xc6,
    0xc5, 0xc3, 0xd4, 0xff, 0xff, 0x3e, 0x0, 0x0,
    0x0, 0x9c, 0xff, 0xff, 0xff, 0xff, 0xff, 0xff,
    0xff, 0xff, 0xff, 0x90, 0xff, 0xff, 0xff, 0xff,
    0xf2, 0xb0, 0xc9, 0xba, 0xf8, 0xff, 0xbb, 0xce,
    0xc6, 0xac, 0xec, 0xff, 0xda, 0xc7, 0xa5, 0xeb,
    0xab, 0xff, 0xf6, 0xb0, 0xec, 0xa6, 0xc6, 0xdd,
    0xff, 0x26, 0x0, 0x0, 0x0, 0xb6, 0xff, 0xff,
    0xff, 0xff, 0xff, 0xff, 0xff, 0xff, 0xff, 0x90,
    0xff, 0xff, 0xff, 0xff, 0xae, 0xf2, 0xbb, 0xc6,
    0xe8, 0xc4, 0xf4, 0xbc, 0xc8, 0xec, 0xff, 0xff,
    0xff, 0xc6, 0xec, 0xb3, 0xff, 0xff, 0xff, 0xfd,
    0xae, 0xea, 0xc8, 0xbe, 0xfe, 0xd, 0x0, 0x0,
    0x0, 0xcf, 0xff, 0xff, 0xff, 0xff, 0xff, 0xff,
    0xff, 0xff, 0xff, 0x90, 0xff, 0xff, 0xff, 0xff,
    0xf0, 0xb2, 0xd6, 0xc0, 0xfa, 0xf2, 0xaa, 0xd3,
    0xd7, 0xff, 0xff, 0xff, 0xd8, 0xcf, 0xb0, 0xf4,
    0xb1, 0xff, 0xff, 0xff, 0xff, 0xae, 0xc7, 0xd1,
    0xf5, 0x0, 0x0, 0x0, 0x0, 0xe7, 0xff, 0xff,
    0xff, 0xff, 0xff, 0xff, 0xff, 0xff, 0xff, 0x90,
    0xff, 0xff, 0xff, 0xff, 0xbf, 0xd0, 0xb6, 0xb7,
    0xf0, 0xc0, 0xc9, 0xc5, 0xff, 0xff, 0xff, 0xff,
    0xea, 0xbc, 0xd0, 0xbd, 0xe6, 0xff, 0xff, 0xff,
    0xff, 0xed, 0xbf, 0xc7, 0xdd, 0x0, 0x0, 0x0,
    0x2, 0xfc, 0xff, 0xff, 0xff, 0xff, 0xff, 0xff,
    0xff, 0xff, 0xff, 0x90, 0xff, 0xff, 0xff, 0xff,
    0xc2, 0xcd, 0xbb, 0xbb, 0xff, 0xc3, 0xd7, 0xff,
    0xff, 0xff, 0xff, 0xff, 0xe4, 0xbb, 0xc8, 0xbe,
    0xdb, 0xff, 0xff, 0xff, 0xff, 0xff, 0xdc, 0xd8,
    0xc4, 0x0, 0x0, 0x0, 0x17, 0xff, 0xff, 0xff,
    0xff, 0xff, 0xff, 0xff, 0xff, 0xff, 0xff, 0x90,
    0xff, 0xff, 0xff, 0xe6, 0xf0, 0xae, 0xd1, 0xc3,
    0xff, 0xf1, 0xff, 0xff, 0xff, 0xff, 0xff, 0xff,
    0xd1, 0xc7, 0xac, 0xf0, 0xf5, 0xff, 0xff, 0xff,
    0xff, 0xff, 0xf7, 0xda, 0xac, 0x0, 0x0, 0x0,
    0x2f, 0xff, 0xff, 0xff, 0xff, 0xff, 0xff, 0xff,
    0xff, 0xff, 0xff, 0x90, 0xff, 0xff, 0xff, 0xff,
    0xae, 0xf9, 0xb8, 0xe3, 0xff, 0xff, 0xff, 0xff,
    0xff, 0xff, 0xff, 0xff, 0xff, 0xc4, 0xef, 0xf7,
    0xff, 0xff, 0xff, 0xff, 0xff, 0xff, 0xff, 0xff,
    0x93, 0x0, 0x0, 0x0, 0x47, 0xff, 0xff, 0xff,
    0xff, 0xdf, 0xfe, 0xff, 0xff, 0xff, 0xff, 0x90,
    0xff, 0xff, 0xff, 0xd3, 0xe5, 0xac, 0xd4, 0xcd,
    0xff, 0xff, 0xff, 0xff, 0xff, 0xff, 0xff, 0xff,
    0xff, 0xff, 0xfa, 0xff, 0xff, 0xff, 0xff, 0xff,
    0xff, 0xff, 0xff, 0xff, 0x9c, 0x0, 0x0, 0x0,
    0x5f, 0xff, 0xff, 0xd5, 0xc3, 0xd2, 0xa6, 0xee,
    0xff, 0xff, 0xff, 0x90, 0xff, 0xff, 0xff, 0xdf,
    0xc4, 0xcf, 0xc4, 0xff, 0xbd, 0x8c, 0x8c, 0x8c,
    0x8c, 0x8c, 0x8c, 0x8c, 0x8c, 0x8c, 0x8c, 0x8c,
    0x8c, 0x8c, 0x8c, 0x8c, 0x8c, 0x8c, 0x8c, 0xc0,
    0xff, 0x62, 0x0, 0x0, 0x76, 0xff, 0xf3, 0xc4,
    0xb8, 0xb8, 0xd3, 0xbe, 0xe8, 0xff, 0xff, 0x90,
    0xff, 0xff, 0xff, 0xd9, 0xc6, 0xdc, 0xff, 0x9f,
    0x3, 0x0, 0x0, 0x0, 0x0, 0x0, 0x0, 0x0,
    0x0, 0x0, 0x0, 0x0, 0x0, 0x0, 0x0, 0x0,
    0x0, 0x0, 0x0, 0x8, 0xc4, 0xfb, 0x49, 0x0,
    0xa5, 0xff, 0xc7, 0xbb, 0xb8, 0xb9, 0xd5, 0xbf,
    0xe7, 0xff, 0xff, 0x90, 0xff, 0xff, 0xff, 0xff,
    0xe6, 0xff, 0x8c, 0x1, 0x0, 0x0, 0x0, 0x0,
    0x0, 0x0, 0x0, 0x0, 0x0, 0x0, 0x0, 0x0,
    0x0, 0x0, 0x0, 0x0, 0x0, 0x0, 0x0, 0x0,
    0x11, 0xd5, 0xf4, 0xa0, 0xff, 0xff, 0xf3, 0xaa,
    0xba, 0xce, 0xa7, 0xe9, 0xe2, 0xff, 0xff, 0x90,
    0xff, 0xff, 0xff, 0xff, 0xff, 0x92, 0x0, 0x0,
    0x0, 0x0, 0x0, 0x0, 0x0, 0x0, 0x0, 0x0,
    0x0, 0x0, 0x0, 0x0, 0x0, 0x0, 0x0, 0x0,
    0x0, 0x0, 0x0, 0x0, 0x0, 0x20, 0xf9, 0xff,
    0xff, 0xff, 0xff, 0xdf, 0xce, 0xb8, 0xfb, 0xb6,
    0xff, 0xff, 0xff, 0x90, 0xff, 0xff, 0xff, 0xff,
    0xff, 0xe4, 0x47, 0x40, 0x40, 0x40, 0x40, 0x40,
    0x40, 0x40, 0x40, 0x40, 0x40, 0x40, 0x40, 0x40,
    0x40, 0x40, 0x40, 0x40, 0x40, 0x40, 0x40, 0x40,
    0x40, 0xaf, 0xff, 0xff, 0xff, 0xff, 0xff, 0xff,
    0xcd, 0xdf, 0xca, 0xff, 0xff, 0xff, 0xff, 0x90,
    0xff, 0xff, 0xff, 0xff, 0xff, 0xff, 0xff, 0xff,
    0xff, 0xff, 0xff, 0xff, 0xff, 0xff, 0xff, 0xff,
    0xff, 0xff, 0xff, 0xff, 0xff, 0xff, 0xff, 0xff,
    0xff, 0xff, 0xff, 0xff, 0xff, 0xff, 0xff, 0xff,
    0xff, 0xff, 0xff, 0xff, 0xff, 0xff, 0xff, 0xff,
    0xff, 0xff, 0xff, 0x90, 0xff, 0xff, 0xff, 0xff,
    0xff, 0xff, 0xff, 0xff, 0xff, 0xff, 0xff, 0xff,
    0xff, 0xff, 0xff, 0xff, 0xff, 0xff, 0xff, 0xff,
    0xff, 0xff, 0xff, 0xff, 0xff, 0xff, 0xff, 0xff,
    0xff, 0xff, 0xff, 0xff, 0xff, 0xff, 0xff, 0xff,
    0xff, 0xff, 0xff, 0xff, 0xff, 0xff, 0xff, 0x90,
    0xff, 0xff, 0xff, 0xff, 0xff, 0xff, 0xff, 0xff,
    0xff, 0xff, 0xff, 0xff, 0xff, 0xff, 0xff, 0xff,
    0xff, 0xff, 0xff, 0xff, 0xff, 0xff, 0xff, 0xff,
    0xff, 0xff, 0xff, 0xff, 0xff, 0xff, 0xff, 0xff,
    0xff, 0xff, 0xff, 0xff, 0xff, 0xff, 0xff, 0xff,
    0xff, 0xff, 0xff, 0x90, 0xff, 0xff, 0xff, 0xff,
    0xff, 0xff, 0xff, 0xff, 0xff, 0xff, 0xff, 0xff,
    0xff, 0xff, 0xff, 0xff, 0xff, 0xff, 0xff, 0xff,
    0xff, 0xff, 0xff, 0xff, 0xff, 0xff, 0xff, 0xff,
    0xff, 0xff, 0xff, 0xff, 0xff, 0xff, 0xff, 0xff,
    0xff, 0xff, 0xff, 0xff, 0xff, 0xff, 0xff, 0x90,
    0xff, 0xff, 0xff, 0xff, 0xff, 0xff, 0xff, 0xff,
    0xff, 0xff, 0xff, 0xff, 0xff, 0xff, 0xff, 0xff,
    0xff, 0xff, 0xff, 0xff, 0xff, 0xff, 0xff, 0xff,
    0xff, 0xff, 0xff, 0xff, 0xff, 0xff, 0xff, 0xff,
    0xff, 0xff, 0xff, 0xff, 0xff, 0xff, 0xff, 0xff,
    0xff, 0xff, 0xff, 0x90, 0xff, 0xff, 0xff, 0xff,
    0xff, 0xff, 0xff, 0xff, 0xff, 0xff, 0xff, 0xff,
    0xff, 0xff, 0xff, 0xff, 0xff, 0xff, 0xff, 0xff,
    0xff, 0xff, 0xff, 0xff, 0xff, 0xff, 0xff, 0xff,
    0xff, 0xff, 0xff, 0xff, 0xff, 0xff, 0xff, 0xff,
    0xff, 0xff, 0xff, 0xff, 0xff, 0xff, 0xff, 0x90,

    /* U+0034 "4" */
    0xff, 0xff, 0xff, 0xff, 0xff, 0xff, 0xff, 0xff,
    0xff, 0xff, 0xff, 0xff, 0xff, 0xff, 0xff, 0xff,
    0xff, 0xff, 0xff, 0xff, 0xff, 0xff, 0xff, 0xff,
    0xff, 0xff, 0xff, 0xff, 0xff, 0xff, 0xff, 0xff,
    0xff, 0xff, 0xff, 0xff, 0xff, 0xff, 0xff, 0xff,
    0xff, 0xff, 0xff, 0x90, 0xff, 0xff, 0xff, 0xff,
    0xff, 0xff, 0xff, 0xff, 0xff, 0xff, 0xff, 0xff,
    0xff, 0xff, 0xff, 0xff, 0xff, 0xff, 0xff, 0xff,
    0xff, 0xff, 0xff, 0xff, 0xff, 0xff, 0xff, 0xff,
    0xff, 0xff, 0xff, 0xff, 0xff, 0xff, 0xff, 0xff,
    0xff, 0xff, 0xff, 0xff, 0xff, 0xff, 0xff, 0x90,
    0xff, 0xff, 0xff, 0xff, 0xff, 0xff, 0xff, 0xff,
    0xff, 0xff, 0xff, 0xff, 0xff, 0xff, 0xff, 0xff,
    0xff, 0xff, 0xff, 0xff, 0xff, 0xff, 0xff, 0xff,
    0xff, 0xff, 0xff, 0xff, 0xff, 0xff, 0xff, 0xff,
    0xff, 0xff, 0xff, 0xff, 0xff, 0xff, 0xff, 0xff,
    0xff, 0xff, 0xff, 0x90, 0xff, 0xff, 0xff, 0xff,
    0xff, 0xff, 0xff, 0xff, 0xff, 0xff, 0xff, 0xff,
    0xff, 0xff, 0xff, 0xff, 0xff, 0xff, 0xff, 0xff,
    0xff, 0xff, 0xff, 0xff, 0xff, 0xff, 0xff, 0xff,
    0xff, 0xff, 0xff, 0xff, 0xff, 0xff, 0xff, 0xff,
    0xff, 0xff, 0xff, 0xff, 0xff, 0xff, 0xff, 0x90,
    0xff, 0xff, 0xff, 0xff, 0xff, 0xff, 0xff, 0xff,
    0xff, 0xf2, 0xe3, 0xd0, 0xd0, 0xd3, 0xd7, 0xd3,
    0xd0, 0xcd, 0xd4, 0xd7, 0xd2, 0xce, 0xcf, 0xd7,
    0xd7, 0xd1, 0xcf, 0xcd, 0xd6, 0xda, 0xcf, 0xd0,
    0xcf, 0xfc, 0xff, 0xff, 0xff, 0xff, 0xff, 0xff,
    0xff, 0xff, 0xff, 0x90, 0xff, 0xff, 0xff, 0xff,
    0xff, 0xff, 0xff, 0xff, 0xff, 0xde, 0xbd, 0xc6,
    0xbd, 0xb6, 0xd1, 0xb6, 0xc2, 0xbc, 0xb3, 0xd1,
    0xbc, 0xc5, 0xba, 0xbc, 0xd1, 0xbc, 0xbf, 0xbf,
    0xbf, 0xd8, 0xb6, 0xba, 0xc3, 0xef, 0xff, 0xff,
    0xff, 0xff, 0xff, 0xff, 0xff, 0xff, 0xff, 0x90,
    0xff, 0xff, 0xff, 0xff, 0xff, 0xff, 0xff, 0xbd,
    0xa8, 0xff, 0xe2, 0xba, 0xbe, 0xda, 0xad, 0xe2,
    0xb7, 0xbb, 0xd9, 0xb2, 0xe2, 0xb8, 0xae, 0xe4,
    0xa8, 0xd7, 0xbb, 0xb1, 0xe4, 0xa8, 0xd7, 0xbc,
    0xf1, 0xff, 0xb4, 0xb2, 0xff, 0xff, 0xff, 0xff,
    0xff, 0xff, 0xff, 0x90, 0xff, 0xff, 0xff, 0xff,
    0xff, 0xff, 0xf0, 0x7, 0x6, 0xbb, 0xff, 0xdf,
    0xd5, 0xb2, 0xff, 0xaa, 0xd7, 0xd2, 0xa9, 0xff,
    0xaf, 0xd4, 0xda, 0xac, 0xff, 0xb3, 0xd4, 0xdc,
    0xb4, 0xff, 0xa8, 0xfb, 0xff, 0xa3, 0x4, 0x13,
    0xff, 0xff, 0xff, 0xff, 0xff, 0xff, 0xff, 0x90,
    0xff, 0xff, 0xff, 0xff, 0xff, 0xff, 0xd5, 0x0,
    0x0, 0xd, 0xcd, 0xff, 0xe5, 0xf7, 0xd6, 0xf9,
    0xe3, 0xe4, 0xf8, 0xdc, 0xf7, 0xe3, 0xe2, 0xfa,
    0xdc, 0xf6, 0xe6, 0xe1, 0xfb, 0xdb, 0xff, 0xff,
    0x91, 0x1, 0x0, 0x22, 0xff, 0xff, 0xff, 0xff,
    0xff, 0xff, 0xff, 0x90, 0xff, 0xff, 0xff, 0xff,
    0xff, 0xff, 0xbd, 0x0, 0x0, 0x0, 0x2b, 0xff,
    0xff, 0xff, 0xff, 0xff, 0xff, 0xff, 0xff, 0xff,
    0xf9, 0xe3, 0xff, 0xff, 0xff, 0xff, 0xff, 0xff,
    0xff, 0xff, 0xff, 0xb0, 0x0, 0x0, 0x0, 0x3b,
    0xff, 0xff, 0xff, 0xff, 0xff, 0xff, 0xff, 0x90,
    0xff, 0xff, 0xff, 0xff, 0xff, 0xff, 0xa5, 0x0,
    0x0, 0x0, 0x35, 0xee, 0xf2, 0xff, 0xff, 0xff,
    0xff, 0xff, 0xff, 0xff, 0xb6, 0xb9, 0xde, 0xff,
    0xff, 0xff, 0xff, 0xff, 0xff, 0xff, 0xe0, 0x88,
    0x0, 0x0, 0x0, 0x53, 0xff, 0xff, 0xff, 0xff,
    0xff, 0xff, 0xff, 0x90, 0xff, 0xff, 0xff, 0xff,
    0xff, 0xff, 0x8c, 0x0, 0x0, 0x0, 0x4e, 0xfb,
    0xde, 0xff, 0xff, 0xff, 0xff, 0xff, 0xff, 0xaf,
    0xdd, 0xbc, 0xb9, 0xf9, 0xff, 0xff, 0xff, 0xff,
    0xff, 0xd5, 0xf8, 0x6f, 0x0, 0x0, 0x0, 0x6b,
    0xff, 0xff, 0xff, 0xff, 0xff, 0xff, 0xff, 0x90,
    0xff, 0xff, 0xff, 0xff, 0xff, 0xff, 0x74, 0x0,
    0x0, 0x0, 0x67, 0xd8, 0xd6, 0xfb, 0xff, 0xff,
    0xff, 0xff, 0xff, 0xff, 0xb4, 0xd4, 0xda, 0xff,
    0xff, 0xff, 0xff, 0xff, 0xd3, 0xff, 0xd9, 0x57,
    0x0, 0x0, 0x0, 0x82, 0xff, 0xff, 0xff, 0xff,
    0xff, 0xff, 0xff, 0x90, 0xff, 0xff, 0xff, 0xff,
    0xff, 0xff, 0x5b, 0x0, 0x0, 0x0, 0x81, 0xf4,
    0xbb, 0xda, 0xff, 0xff, 0xff, 0xff, 0xfc, 0xb1,
    0xd7, 0xbd, 0xc3, 0xff, 0xff, 0xff, 0xff, 0xe8,
    0xe9, 0xa8, 0xfb, 0x3e, 0x0, 0x0, 0x0, 0x9a,
    0xff, 0xff, 0xff, 0xff, 0xff, 0xff, 0xff, 0x90,
    0xff, 0xff, 0xff, 0xff, 0xff, 0xff, 0x43, 0x0,
    0x0, 0x0, 0x9a, 0xe3, 0xbe, 0xb7, 0xd2, 0xff,
    0xff, 0xff, 0xee, 0xd2, 0xb9, 0xbc, 0xd0, 0xff,
    0xff, 0xff, 0xf4, 0xbe, 0xbe, 0xd4, 0xf2, 0x26,
    0x0, 0x0, 0x0, 0xb2, 0xff, 0xff, 0xff, 0xff,
    0xff, 0xff, 0xff, 0x90, 0xff, 0xff, 0xff, 0xff,
    0xff, 0xff, 0x2a, 0x0, 0x0, 0x0, 0xb0, 0xe3,
    0xc1, 0xb0, 0xd8, 0xbd, 0xff, 0xff, 0xdd, 0xd9,
    0xb6, 0xc2, 0xd0, 0xff, 0xff, 0xf2, 0xc8, 0xc4,
    0xb5, 0xdb, 0xff, 0xe, 0x0, 0x0, 0x0, 0xc9,
    0xff, 0xff, 0xff, 0xff, 0xff, 0xff, 0xff, 0x90,
    0xff, 0xff, 0xff, 0xff, 0xff, 0xff, 0x12, 0x0,
    0x0, 0x0, 0xd0, 0xfc, 0xc3, 0xe2, 0xae, 0xe4,
    0xc2, 0xff, 0xfb, 0xb8, 0xe7, 0xbd, 0xef, 0xff,
    0xf2, 0xe1, 0xc3, 0xb7, 0xe8, 0xff, 0xf5, 0x0,
    0x0, 0x0, 0x0, 0xe5, 0xff, 0xff, 0xff, 0xff,
    0xff, 0xff, 0xff, 0x90, 0xff, 0xff, 0xff, 0xff,
    0xff, 0xf9, 0x0, 0x0, 0x0, 0x0, 0xe8, 0xff,
    0xff, 0xaa, 0xff, 0xad, 0xd8, 0xe6, 0xbe, 0xff,
    0xaa, 0xd6, 0xd8, 0xf3, 0xff, 0xac, 0xcf, 0xd8,
    0xff, 0xff, 0xdd, 0x0, 0x0, 0x0, 0x2, 0xfb,
    0xff, 0xff, 0xff, 0xff, 0xff, 0xff, 0xff, 0x90,
    0xff, 0xff, 0xff, 0xff, 0xff, 0xe1, 0x0, 0x0,
    0x0, 0x2, 0xfc, 0xff, 0xff, 0xfb, 0xaf, 0xd3,
    0xba, 0xf8, 0xe9, 0xa7, 0xd9, 0xb3, 0xf4, 0xef,
    0xaf, 0xd4, 0xbe, 0xf9, 0xff, 0xff, 0xc5, 0x0,
    0x0, 0x0, 0x17, 0xff, 0xff, 0xff, 0xff, 0xff,
    0xff, 0xff, 0xff, 0x90, 0xff, 0xff, 0xff, 0xff,
    0xff, 0xc9, 0x0, 0x0, 0x0, 0x16, 0xff, 0xff,
    0xff, 0xff, 0xec, 0xbf, 0xbf, 0xeb, 0xcc, 0xd2,
    0xc5, 0xc0, 0xe6, 0xd1, 0xd6, 0xc3, 0xfa, 0xff,
    0xff, 0xff, 0xac, 0x0, 0x0, 0x0, 0x31, 0xff,
    0xff, 0xff, 0xff, 0xff, 0xff, 0xff, 0xff, 0x90,
    0xff, 0xff, 0xff, 0xff, 0xff, 0xb0, 0x0, 0x0,
    0x0, 0x2e, 0xff, 0xff, 0xff, 0xff, 0xfc, 0xc4,
    0xc0, 0xf7, 0xbb, 0xe2, 0xae, 0xbf, 0xdf, 0xb1,
    0xdc, 0xf3, 0xff, 0xff, 0xff, 0xff, 0x94, 0x0,
    0x0, 0x0, 0x48, 0xff, 0xff, 0xff, 0xff, 0xff,
    0xff, 0xff, 0xff, 0x90, 0xff, 0xff, 0xff, 0xff,
    0xff, 0x98, 0x0, 0x0, 0x0, 0x43, 0xff, 0xff,
    0xff, 0xff, 0xff, 0xf4, 0xca, 0xff, 0xf6, 0xae,
    0xe8, 0xbc, 0xfe, 0xfb, 0xe9, 0xff, 0xff, 0xff,
    0xff, 0xff, 0x7c, 0x0, 0x0, 0x0, 0x5e, 0xff,
    0xff, 0xff, 0xff, 0xff, 0xff, 0xff, 0xff, 0x90,
    0xff, 0xff, 0xff, 0xff, 0xff, 0x83, 0x0, 0x0,
    0x0, 0x60, 0xff, 0xff, 0xff, 0xff, 0xff, 0xff,
    0xff, 0xff, 0xae, 0xfe, 0xb0, 0xd4, 0xf3, 0xff,
    0xff, 0xff, 0xff, 0xff, 0xff, 0xff, 0x67, 0x0,
    0x0, 0x0, 0x7c, 0xff, 0xff, 0xff, 0xff, 0xff,
    0xff, 0xff, 0xff, 0x90, 0xff, 0xff, 0xff, 0xff,
    0xff, 0xeb, 0x26, 0x0, 0x32, 0xe9, 0xea, 0xd8,
    0xd8, 0xd8, 0xd8, 0xd8, 0xde, 0xff, 0xff, 0xb2,
    0xd0, 0xca, 0xfb, 0xd8, 0xd8, 0xd8, 0xd8, 0xd8,
    0xd8, 0xf4, 0xde, 0x18, 0x0, 0x45, 0xf3, 0xff,
    0xff, 0xff, 0xff, 0xff, 0xff, 0xff, 0xff, 0x90,
    0xff, 0xff, 0xff, 0xff, 0xff, 0xff, 0xdf, 0x5a,
    0xf2, 0xc4, 0x10, 0x0, 0x0, 0x0, 0x0, 0x0,
    0x1, 0xa3, 0xff, 0xff, 0xd3, 0xf6, 0x4a, 0x0,
    0x0, 0x0, 0x0, 0x0, 0x0, 0x3a, 0xf6, 0xcf,
    0x63, 0xf9, 0xff, 0xff, 0xff, 0xff, 0xff, 0xff,
    0xff, 0xff, 0xff, 0x90, 0xff, 0xff, 0xff, 0xff,
    0xff, 0xff, 0xff, 0xff, 0xb5, 0x9, 0x0, 0x0,
    0x0, 0x0, 0x0, 0x0, 0x0, 0x5, 0xb9, 0xff,
    0xf0, 0x3b, 0x0, 0x0, 0x0, 0x0, 0x0, 0x0,
    0x0, 0x0, 0x4d, 0xfd, 0xff, 0xff, 0xff, 0xff,
    0xff, 0xff, 0xff, 0xff, 0xff, 0xff, 0xff, 0x90,
    0xff, 0xff, 0xff, 0xff, 0xff, 0xff, 0xff, 0xff,
    0xc2, 0x7, 0x0, 0x0, 0x0, 0x0, 0x0, 0x0,
    0x0, 0x21, 0xdb, 0xff, 0xf8, 0x3d, 0x0, 0x0,
    0x0, 0x0, 0x0, 0x0, 0x0, 0x0, 0x85, 0xff,
    0xff, 0xff, 0xff, 0xff, 0xff, 0xff, 0xff, 0xff,
    0xff, 0xff, 0xff, 0x90, 0xff, 0xff, 0xff, 0xff,
    0xff, 0xff, 0xe8, 0xd5, 0xff, 0xaa, 0x1, 0x0,
    0x0, 0x0, 0x0, 0x0, 0x2a, 0xe4, 0xff, 0xfe,
    0xff, 0xee, 0x29, 0x0, 0x0, 0x0, 0x0, 0x0,
    0x1, 0x95, 0xff, 0x79, 0x81, 0xff, 0xff, 0xff,
    0xff, 0xff, 0xff, 0xff, 0xff, 0xff, 0xff, 0x90,
    0xff, 0xff, 0xff, 0xff, 0xff, 0xe6, 0xae, 0xbd,
    0xdf, 0xff, 0xf5, 0xf4, 0xf4, 0xf4, 0xf4, 0xf4,
    0xfb, 0xff, 0xe8, 0xaf, 0xe7, 0xff, 0xfa, 0xf4,
    0xf4, 0xf4, 0xf4, 0xf4, 0xf5, 0xfc, 0x64, 0x0,
    0x0, 0x99, 0xff, 0xff, 0xff, 0xff, 0xff, 0xff,
    0xff, 0xff, 0xff, 0x90, 0xff, 0xff, 0xff, 0xff,
    0xff, 0xc9, 0xbf, 0xbe, 0xbe, 0xff, 0xff, 0xff,
    0xff, 0xff, 0xff, 0xff, 0xff, 0xd8, 0xbc, 0xcf,
    0xbf, 0xe0, 0xff, 0xff, 0xff, 0xff, 0xff, 0xff,
    0xff, 0xb9, 0x0, 0x0, 0x0, 0x25, 0xff, 0xff,
    0xff, 0xff, 0xff, 0xff, 0xff, 0xff, 0xff, 0x90,
    0xff, 0xff, 0xff, 0xff, 0xff, 0xb3, 0xca, 0xbf,
    0xbf, 0xff, 0xff, 0xff, 0xff, 0xff, 0xff, 0xb4,
    0xff, 0xd9, 0xad, 0xe4, 0xb1, 0xef, 0xff, 0xc4,
    0xff, 0xff, 0xff, 0xff, 0xff, 0xa0, 0x0, 0x0,
    0x0, 0x3a, 0xff, 0xff, 0xff, 0xff, 0xff, 0xff,
    0xff, 0xff, 0xff, 0x90, 0xff, 0xff, 0xff, 0xff,
    0xe7, 0xf7, 0xb0, 0xc1, 0xe6, 0xff, 0xff, 0xff,
    0xff, 0xff, 0xab, 0xed, 0xfb, 0xc3, 0xe5, 0xae,
    0xeb, 0xe2, 0xbe, 0xf0, 0xdd, 0xff, 0xff, 0xff,
    0xff, 0x88, 0x0, 0x0, 0x0, 0x56, 0xff, 0xff,
    0xff, 0xff, 0xff, 0xff, 0xff, 0xff, 0xff, 0x90,
    0xff, 0xff, 0xff, 0xff, 0xff, 0xad, 0xdd, 0xce,
    0xd8, 0xff, 0xff, 0xff, 0xfd, 0xb2, 0xfb, 0xac,
    0xff, 0xd9, 0xb7, 0xfc, 0xae, 0xff, 0xfe, 0xb1,
    0xfc, 0xf2, 0xff, 0xff, 0xff, 0x70, 0x0, 0x0,
    0x0, 0x6c, 0xff, 0xff, 0xff, 0xff, 0xff, 0xff,
    0xff, 0xff, 0xff, 0x90, 0xff, 0xff, 0xff, 0xff,
    0xd7, 0xd7, 0xb4, 0xb7, 0xe8, 0xff, 0xff, 0xf3,
    0xb8, 0xcf, 0xb2, 0xe0, 0xfb, 0xb4, 0xd2, 0xb6,
    0xcc, 0xf7, 0xb5, 0xd5, 0xb6, 0xe2, 0xff, 0xff,
    0xff, 0x57, 0x0, 0x0, 0x0, 0x86, 0xff, 0xff,
    0xff, 0xff, 0xff, 0xff, 0xff, 0xff, 0xff, 0x90,
    0xff, 0xff, 0xff, 0xff, 0xd4, 0xc3, 0xb9, 0xb8,
    0xe9, 0xff, 0xfb, 0xc1, 0xbd, 0xbf, 0xcd, 0xcb,
    0xf5, 0xbc, 0xc0, 0xcb, 0xc8, 0xff, 0xc9, 0xc0,
    0xce, 0xc0, 0xda, 0xff, 0xff, 0x3f, 0x0, 0x0,
    0x0, 0x9c, 0xff, 0xff, 0xff, 0xff, 0xff, 0xff,
    0xff, 0xff, 0xff, 0x90, 0xff, 0xff, 0xff, 0xff,
    0xec, 0xb0, 0xca, 0xbc, 0xf8, 0xff, 0xba, 0xc7,
    0xc0, 0xaf, 0xe4, 0xff, 0xda, 0xc1, 0xa7, 0xe2,
    0xb0, 0xff, 0xf0, 0xb1, 0xe4, 0xa9, 0xc2, 0xe0,
    0xff, 0x27, 0x0, 0x0, 0x0, 0xb6, 0xff, 0xff,
    0xff, 0xff, 0xff, 0xff, 0xff, 0xff, 0xff, 0x90,
    0xff, 0xff, 0xff, 0xff, 0xae, 0xf2, 0xba, 0xc3,
    0xe8, 0xc4, 0xf4, 0xbc, 0xc6, 0xe7, 0xff, 0xff,
    0xff, 0xc5, 0xe9, 0xb3, 0xfa, 0xff, 0xff, 0xfc,
    0xae, 0xe5, 0xc5, 0xbc, 0xfe, 0xe, 0x0, 0x0,
    0x0, 0xce, 0xff, 0xff, 0xff, 0xff, 0xff, 0xff,
    0xff, 0xff, 0xff, 0x90, 0xff, 0xff, 0xff, 0xff,
    0xf7, 0xb3, 0xdc, 0xc7, 0xfd, 0xf8, 0xab, 0xd9,
    0xd7, 0xff, 0xff, 0xff, 0xd8, 0xd6, 0xb2, 0xfb,
    0xb1, 0xff, 0xff, 0xff, 0xff, 0xb1, 0xce, 0xd7,
    0xf6, 0x0, 0x0, 0x0, 0x0, 0xe7, 0xff, 0xff,
    0xff, 0xff, 0xff, 0xff, 0xff, 0xff, 0xff, 0x90,
    0xff, 0xff, 0xff, 0xff, 0xb8, 0xd6, 0xb3, 0xb5,
    0xee, 0xb9, 0xcf, 0xbf, 0xff, 0xff, 0xff, 0xff,
    0xee, 0xb9, 0xd4, 0xb6, 0xe6, 0xff, 0xff, 0xff,
    0xff, 0xea, 0xbc, 0xc5, 0xde, 0x0, 0x0, 0x0,
    0x2, 0xfc, 0xff, 0xff, 0xff, 0xff, 0xff, 0xff,
    0xff, 0xff, 0xff, 0x90, 0xff, 0xff, 0xff, 0xff,
    0xca, 0xc7, 0xbf, 0xba, 0xff, 0xcc, 0xd0, 0xff,
    0xff, 0xff, 0xff, 0xff, 0xe1, 0xbe, 0xc3, 0xc7,
    0xdb, 0xff, 0xff, 0xff, 0xff, 0xff, 0xd9, 0xd6,
    0xc5, 0x0, 0x0, 0x0, 0x17, 0xff, 0xff, 0xff,
    0xff, 0xff, 0xff, 0xff, 0xff, 0xff, 0xff, 0x90,
    0xff, 0xff, 0xff, 0xe6, 0xe7, 0xad, 0xc9, 0xbe,
    0xff, 0xe9, 0xff, 0xff, 0xff, 0xff, 0xff, 0xff,
    0xd1, 0xc0, 0xab, 0xe7, 0xf5, 0xff, 0xff, 0xff,
    0xff, 0xff, 0xf7, 0xda, 0xad, 0x0, 0x0, 0x0,
    0x2e, 0xff, 0xff, 0xff, 0xff, 0xff, 0xff, 0xff,
    0xff, 0xff, 0xff, 0x90, 0xff, 0xff, 0xff, 0xff,
    0xae, 0xf9, 0xb8, 0xe3, 0xff, 0xff, 0xff, 0xff,
    0xff, 0xff, 0xff, 0xff, 0xff, 0xc4, 0xef, 0xf7,
    0xff, 0xff, 0xff, 0xff, 0xff, 0xff, 0xff, 0xff,
    0x95, 0x0, 0x0, 0x0, 0x46, 0xff, 0xff, 0xff,
    0xff, 0xdf, 0xfe, 0xff, 0xff, 0xff, 0xff, 0x90,
    0xff, 0xff, 0xff, 0xd3, 0xed, 0xad, 0xdc, 0xcd,
    0xff, 0xff, 0xff, 0xff, 0xff, 0xff, 0xff, 0xff,
    0xff, 0xff, 0xf9, 0xff, 0xff, 0xff, 0xff, 0xff,
    0xff, 0xff, 0xff, 0xff, 0x97, 0x0, 0x0, 0x0,
    0x5f, 0xff, 0xff, 0xdb, 0xc9, 0xda, 0xa7, 0xf7,
    0xff, 0xff, 0xff, 0x90, 0xff, 0xff, 0xff, 0xe7,
    0xbc, 0xd4, 0xbc, 0xff, 0xe7, 0xff, 0xdc, 0xee,
    0xed, 0xdd, 0xff, 0xde, 0xeb, 0xe9, 0xe0, 0xff,
    0xdb, 0xea, 0xed, 0xda, 0xff, 0xde, 0xed, 0xf0,
    0xfe, 0x58, 0x0, 0x0, 0x75, 0xff, 0xf3, 0xc7,
    0xb7, 0xb1, 0xd8, 0xb5, 0xef, 0xff, 0xff, 0x90,
    0xff, 0xff, 0xff, 0xd1, 0xc6, 0xd6, 0xff, 0xda,
    0xc5, 0xc8, 0xc6, 0xb8, 0xbd, 0xc3, 0xc3, 0xc3,
    0xbe, 0xbd, 0xc8, 0xc6, 0xc7, 0xba, 0xbb, 0xc7,
    0xc3, 0xbf, 0xbd, 0xb7, 0xf7, 0xf9, 0x43, 0x0,
    0xa3, 0xff, 0xcc, 0xb6, 0xb7, 0xb6, 0xcf, 0xc5,
    0xe3, 0xff, 0xff, 0x90, 0xff, 0xff, 0xff, 0xff,
    0xe6, 0xff, 0xe3, 0xc2, 0xa6, 0xe6, 0xa9, 0xc0,
    0xc0, 0xa9, 0xea, 0xae, 0xca, 0xc8, 0xb0, 0xed,
    0xab, 0xc7, 0xca, 0xae, 0xe5, 0xad, 0xc5, 0xc8,
    0xad, 0xff, 0xf2, 0x9b, 0xff, 0xff, 0xf0, 0xa8,
    0xb8, 0xcf, 0xa8, 0xe3, 0xe2, 0xff, 0xff, 0x90,
    0xff, 0xff, 0xff, 0xff, 0xff, 0xf6, 0xb6, 0xc7,
    0xe6, 0xb5, 0xf6, 0xbd, 0xc9, 0xea, 0xb6, 0xf1,
    0xc3, 0xc1, 0xec, 0xb3, 0xea, 0xc3, 0xbb, 0xf3,
    0xb2, 0xe6, 0xc8, 0xc1, 0xf2, 0xb4, 0xff, 0xff,
    0xff, 0xff, 0xff, 0xdf, 0xce, 0xb8, 0xfa, 0xb6,
    0xff, 0xff, 0xff, 0x90, 0xff, 0xff, 0xff, 0xff,
    0xff, 0xff, 0xe3, 0xcf, 0xae, 0xff, 0xa8, 0xd3,
    0xcf, 0xaf, 0xff, 0xb2, 0xd5, 0xd3, 0xb6, 0xff,
    0xa8, 0xd1, 0xd7, 0xa5, 0xff, 0xaa, 0xd3, 0xd9,
    0xa9, 0xff, 0xff, 0xff, 0xff, 0xff, 0xff, 0xff,
    0xcd, 0xdf, 0xca, 0xff, 0xff, 0xff, 0xff, 0x90,
    0xff, 0xff, 0xff, 0xff, 0xff, 0xff, 0xff, 0xff,
    0xff, 0xff, 0xff, 0xff, 0xff, 0xff, 0xff, 0xff,
    0xff, 0xff, 0xff, 0xff, 0xff, 0xff, 0xff, 0xff,
    0xff, 0xff, 0xff, 0xff, 0xff, 0xff, 0xff, 0xff,
    0xff, 0xff, 0xff, 0xff, 0xff, 0xff, 0xff, 0xff,
    0xff, 0xff, 0xff, 0x90, 0xff, 0xff, 0xff, 0xff,
    0xff, 0xff, 0xff, 0xff, 0xff, 0xff, 0xff, 0xff,
    0xff, 0xff, 0xff, 0xff, 0xff, 0xff, 0xff, 0xff,
    0xff, 0xff, 0xff, 0xff, 0xff, 0xff, 0xff, 0xff,
    0xff, 0xff, 0xff, 0xff, 0xff, 0xff, 0xff, 0xff,
    0xff, 0xff, 0xff, 0xff, 0xff, 0xff, 0xff, 0x90,
    0xff, 0xff, 0xff, 0xff, 0xff, 0xff, 0xff, 0xff,
    0xff, 0xff, 0xff, 0xff, 0xff, 0xff, 0xff, 0xff,
    0xff, 0xff, 0xff, 0xff, 0xff, 0xff, 0xff, 0xff,
    0xff, 0xff, 0xff, 0xff, 0xff, 0xff, 0xff, 0xff,
    0xff, 0xff, 0xff, 0xff, 0xff, 0xff, 0xff, 0xff,
    0xff, 0xff, 0xff, 0x90, 0xff, 0xff, 0xff, 0xff,
    0xff, 0xff, 0xff, 0xff, 0xff, 0xff, 0xff, 0xff,
    0xff, 0xff, 0xff, 0xff, 0xff, 0xff, 0xff, 0xff,
    0xff, 0xff, 0xff, 0xff, 0xff, 0xff, 0xff, 0xff,
    0xff, 0xff, 0xff, 0xff, 0xff, 0xff, 0xff, 0xff,
    0xff, 0xff, 0xff, 0xff, 0xff, 0xff, 0xff, 0x90,
    0xff, 0xff, 0xff, 0xff, 0xff, 0xff, 0xff, 0xff,
    0xff, 0xff, 0xff, 0xff, 0xff, 0xff, 0xff, 0xff,
    0xff, 0xff, 0xff, 0xff, 0xff, 0xff, 0xff, 0xff,
    0xff, 0xff, 0xff, 0xff, 0xff, 0xff, 0xff, 0xff,
    0xff, 0xff, 0xff, 0xff, 0xff, 0xff, 0xff, 0xff,
    0xff, 0xff, 0xff, 0x90, 0xff, 0xff, 0xff, 0xff,
    0xff, 0xff, 0xff, 0xff, 0xff, 0xff, 0xff, 0xff,
    0xff, 0xff, 0xff, 0xff, 0xff, 0xff, 0xff, 0xff,
    0xff, 0xff, 0xff, 0xff, 0xff, 0xff, 0xff, 0xff,
    0xff, 0xff, 0xff, 0xff, 0xff, 0xff, 0xff, 0xff,
    0xff, 0xff, 0xff, 0xff, 0xff, 0xff, 0xff, 0x90,

    /* U+0035 "5" */
    0xff, 0xff, 0xff, 0xff, 0xff, 0xff, 0xff, 0xff,
    0xff, 0xff, 0xff, 0xff, 0xff, 0xff, 0xff, 0xff,
    0xff, 0xff, 0xff, 0xff, 0xff, 0xff, 0xff, 0xff,
    0xff, 0xff, 0xff, 0xff, 0xff, 0xff, 0xff, 0xff,
    0xff, 0xff, 0xff, 0xff, 0xff, 0xff, 0xff, 0xff,
    0xff, 0xff, 0xff, 0x90, 0xff, 0xff, 0xff, 0xff,
    0xff, 0xff, 0xff, 0xff, 0xff, 0xff, 0xff, 0xff,
    0xff, 0xff, 0xff, 0xff, 0xff, 0xff, 0xff, 0xff,
    0xff, 0xff, 0xff, 0xff, 0xff, 0xff, 0xff, 0xff,
    0xff, 0xff, 0xff, 0xff, 0xff, 0xff, 0xff, 0xff,
    0xff, 0xff, 0xff, 0xff, 0xff, 0xff, 0xff, 0x90,
    0xff, 0xff, 0xff, 0xff, 0xff, 0xff, 0xff, 0xff,
    0xff, 0xff, 0xff, 0xff, 0xff, 0xff, 0xff, 0xff,
    0xff, 0xff, 0xff, 0xff, 0xff, 0xff, 0xff, 0xff,
    0xff, 0xff, 0xff, 0xff, 0xff, 0xff, 0xff, 0xff,
    0xff, 0xff, 0xff, 0xff, 0xff, 0xff, 0xff, 0xff,
    0xff, 0xff, 0xff, 0x90, 0xff, 0xff, 0xff, 0xff,
    0xff, 0xff, 0xff, 0xff, 0xff, 0xff, 0xff, 0xff,
    0xff, 0xff, 0xff, 0xff, 0xff, 0xff, 0xff, 0xff,
    0xff, 0xff, 0xff, 0xff, 0xff, 0xff, 0xff, 0xff,
    0xff, 0xff, 0xff, 0xff, 0xff, 0xff, 0xff, 0xff,
    0xff, 0xff, 0xff, 0xff, 0xff, 0xff, 0xff, 0x90,
    0xff, 0xff, 0xff, 0xff, 0xff, 0xff, 0xff, 0xff,
    0xff, 0xdc, 0x33, 0x24, 0x24, 0x24, 0x24, 0x24,
    0x24, 0x24, 0x24, 0x24, 0x24, 0x24, 0x24, 0x24,
    0x24, 0x24, 0x24, 0x24, 0x24, 0x24, 0x24, 0x24,
    0x24, 0x89, 0xff, 0xff, 0xff, 0xff, 0xff, 0xff,
    0xff, 0xff, 0xff, 0x90, 0xff, 0xff, 0xff, 0xff,
    0xff, 0xff, 0xff, 0xff, 0xff, 0x80, 0x0, 0x0,
    0x0, 0x0, 0x0, 0x0, 0x0, 0x0, 0x0, 0x0,
    0x0, 0x0, 0x0, 0x0, 0x0, 0x0, 0x0, 0x0,
    0x0, 0x0, 0x0, 0x0, 0x0, 0x3f, 0xfc, 0xff,
    0xff, 0xff, 0xff, 0xff, 0xff, 0xff, 0xff, 0x90,
    0xff, 0xff, 0xff, 0xff, 0xff, 0xff, 0xff, 0xc9,
    0xb5, 0xfd, 0x53, 0x0, 0x0, 0x0, 0x0, 0x0,
    0x0, 0x0, 0x0, 0x0, 0x0, 0x0, 0x0, 0x0,
    0x0, 0x0, 0x0, 0x0, 0x0, 0x0, 0x0, 0x0,
    0x48, 0xf5, 0xf2, 0xff, 0xff, 0xff, 0xff, 0xff,
    0xff, 0xff, 0xff, 0x90, 0xff, 0xff, 0xff, 0xff,
    0xff, 0xff, 0xf2, 0xc, 0xb, 0xcb, 0xf7, 0x38,
    0x0, 0x0, 0x0, 0x0, 0x0, 0x0, 0x0, 0x0,
    0x0, 0x0, 0x0, 0x0, 0x0, 0x0, 0x0, 0x0,
    0x0, 0x0, 0x0, 0x51, 0xf9, 0xed, 0xff, 0xb6,
    0xff, 0xff, 0xff, 0xff, 0xff, 0xff, 0xff, 0x90,
    0xff, 0xff, 0xff, 0xff, 0xff, 0xff, 0xd7, 0x0,
    0x0, 0x17, 0xde, 0xea, 0x88, 0x88, 0x88, 0x88,
    0x88, 0x88, 0x88, 0x88, 0x88, 0x88, 0x88, 0x88,
    0x88, 0x88, 0x88, 0x88, 0x88, 0x88, 0x92, 0xfb,
    0xe3, 0xfc, 0xb2, 0xf9, 0xff, 0xff, 0xff, 0xff,
    0xff, 0xff, 0xff, 0x90, 0xff, 0xff, 0xff, 0xff,
    0xff, 0xff, 0xbf, 0x0, 0x0, 0x0, 0x35, 0xff,
    0xff, 0xff, 0xff, 0xff, 0xff, 0xff, 0xff, 0xff,
    0xfd, 0xf1, 0xff, 0xff, 0xff, 0xff, 0xff, 0xff,
    0xff, 0xff, 0xff, 0xf3, 0xd6, 0xb3, 0xe4, 0xb3,
    0xff, 0xff, 0xff, 0xff, 0xff, 0xff, 0xff, 0x90,
    0xff, 0xff, 0xff, 0xff, 0xff, 0xff, 0xa7, 0x0,
    0x0, 0x0, 0x31, 0xee, 0xf2, 0xff, 0xff, 0xff,
    0xff, 0xff, 0xff, 0xff, 0xc9, 0xb7, 0xe9, 0xff,
    0xff, 0xff, 0xff, 0xff, 0xff, 0xff, 0xe2, 0xe4,
    0xbb, 0xcd, 0xc0, 0xd2, 0xff, 0xff, 0xff, 0xff,
    0xff, 0xff, 0xff, 0x90, 0xff, 0xff, 0xff, 0xff,
    0xff, 0xff, 0x8e, 0x0, 0x0, 0x0, 0x4a, 0xfb,
    0xde, 0xff, 0xff, 0xff, 0xff, 0xff, 0xff, 0xbd,
    0xc8, 0xb7, 0xb6, 0xfa, 0xff, 0xff, 0xff, 0xff,
    0xff, 0xde, 0xf6, 0xe9, 0xb5, 0xd7, 0xb5, 0xde,
    0xff, 0xff, 0xff, 0xff, 0xff, 0xff, 0xff, 0x90,
    0xff, 0xff, 0xff, 0xff, 0xff, 0xff, 0x76, 0x0,
    0x0, 0x0, 0x62, 0xd8, 0xd6, 0xfb, 0xff, 0xff,
    0xff, 0xff, 0xff, 0xf2, 0xb2, 0xcd, 0xd3, 0xff,
    0xff, 0xff, 0xff, 0xff, 0xd3, 0xf6, 0xd9, 0xd5,
    0xd4, 0xac, 0xf0, 0xc0, 0xff, 0xff, 0xff, 0xff,
    0xff, 0xff, 0xff, 0x90, 0xff, 0xff, 0xff, 0xff,
    0xff, 0xff, 0x5e, 0x0, 0x0, 0x0, 0x7f, 0xfe,
    0xc7, 0xec, 0xff, 0xff, 0xff, 0xff, 0xfc, 0xb1,
    0xea, 0xc6, 0xcc, 0xff, 0xff, 0xff, 0xff, 0xea,
    0xfb, 0xa8, 0xfb, 0xf1, 0xba, 0xf5, 0xad, 0xff,
    0xff, 0xff, 0xff, 0xff, 0xff, 0xff, 0xff, 0x90,
    0xff, 0xff, 0xff, 0xff, 0xff, 0xff, 0x45, 0x0,
    0x0, 0x0, 0x96, 0xd9, 0xc3, 0xa9, 0xe9, 0xff,
    0xff, 0xff, 0xee, 0xe9, 0xaa, 0xc2, 0xc8, 0xff,
    0xff, 0xff, 0xf5, 0xbe, 0xac, 0xe8, 0xf2, 0xcb,
    0xc7, 0xa7, 0xe2, 0xd3, 0xff, 0xff, 0xff, 0xff,
    0xff, 0xff, 0xff, 0x90, 0xff, 0xff, 0xff, 0xff,
    0xff, 0xff, 0x2d, 0x0, 0x0, 0x0, 0xac, 0xeb,
    0xba, 0xc1, 0xc2, 0xd1, 0xff, 0xff, 0xe9, 0xc2,
    0xc7, 0xbd, 0xda, 0xff, 0xff, 0xf0, 0xd3, 0xcc,
    0xca, 0xc7, 0xff, 0xc6, 0xbb, 0xd1, 0xc4, 0xef,
    0xff, 0xff, 0xff, 0xff, 0xff, 0xff, 0xff, 0x90,
    0xff, 0xff, 0xff, 0xff, 0xff, 0xff, 0x15, 0x0,
    0x0, 0x0, 0xcc, 0xf4, 0xbc, 0xcf, 0xb4, 0xd3,
    0xcb, 0xff, 0xef, 0xbe, 0xd3, 0xb9, 0xe5, 0xff,
    0xf2, 0xe3, 0xbb, 0xb4, 0xd5, 0xff, 0xfc, 0xb9,
    0xb4, 0xdc, 0xb8, 0xf8, 0xff, 0xff, 0xff, 0xff,
    0xff, 0xff, 0xff, 0x90, 0xff, 0xff, 0xff, 0xff,
    0xff, 0xfb, 0x1, 0x0, 0x0, 0x0, 0xe5, 0xff,
    0xfc, 0xa8, 0xf9, 0xab, 0xcf, 0xe6, 0xbe, 0xfa,
    0xa8, 0xd0, 0xd8, 0xf3, 0xff, 0xaa, 0xce, 0xd3,
    0xfe, 0xff, 0xff, 0xcd, 0xd4, 0xb1, 0xfa, 0xff,
    0xff, 0xff, 0xff, 0xff, 0xff, 0xff, 0xff, 0x90,
    0xff, 0xff, 0xff, 0xff, 0xff, 0xe4, 0x0, 0x0,
    0x0, 0x1, 0xfa, 0xff, 0xff, 0xfb, 0xae, 0xe8,
    0xba, 0xf8, 0xfe, 0xa7, 0xf0, 0xbe, 0xfe, 0xf1,
    0xae, 0xe9, 0xbc, 0xf9, 0xff, 0xff, 0xe8, 0xc6,
    0xb5, 0xf7, 0xaa, 0xff, 0xff, 0xff, 0xff, 0xff,
    0xff, 0xff, 0xff, 0x90, 0xff, 0xff, 0xff, 0xff,
    0xff, 0xcc, 0x0, 0x0, 0x0, 0x14, 0xff, 0xff,
    0xff, 0xff, 0xec, 0xae, 0xd0, 0xeb, 0xb7, 0xe8,
    0xb3, 0xc6, 0xdb, 0xcf, 0xd6, 0xae, 0xfa, 0xff,
    0xff, 0xff, 0xf7, 0xbe, 0xce, 0xb2, 0xe7, 0xff,
    0xff, 0xff, 0xff, 0xff, 0xff, 0xff, 0xff, 0x90,
    0xff, 0xff, 0xff, 0xff, 0xff, 0xb4, 0x0, 0x0,
    0x0, 0x2b, 0xff, 0xff, 0xff, 0xff, 0xfc, 0xc0,
    0xba, 0xf9, 0xd0, 0xcc, 0xc1, 0xbb, 0xe8, 0xc9,
    0xdc, 0xf3, 0xff, 0xff, 0xff, 0xff, 0xf1, 0xbc,
    0xb7, 0xc8, 0xc4, 0xff, 0xff, 0xff, 0xff, 0xff,
    0xff, 0xff, 0xff, 0x90, 0xff, 0xff, 0xff, 0xff,
    0xff, 0x9b, 0x0, 0x0, 0x0, 0x41, 0xff, 0xff,
    0xff, 0xff, 0xff, 0xf4, 0xbe, 0xfd, 0xe1, 0xb6,
    0xd2, 0xb5, 0xf4, 0xe3, 0xe9, 0xff, 0xff, 0xff,
    0xff, 0xff, 0xe6, 0xb4, 0xae, 0xde, 0xc2, 0xff,
    0xff, 0xff, 0xff, 0xff, 0xff, 0xff, 0xff, 0x90,
    0xff, 0xff, 0xff, 0xff, 0xff, 0x83, 0x0, 0x0,
    0x0, 0x5b, 0xff, 0xff, 0xff, 0xff, 0xff, 0xff,
    0xff, 0xff, 0xae, 0xf8, 0xae, 0xcf, 0xf3, 0xff,
    0xff, 0xff, 0xff, 0xff, 0xff, 0xff, 0xeb, 0xd1,
    0xd6, 0xad, 0xff, 0xff, 0xff, 0xff, 0xff, 0xff,
    0xff, 0xff, 0xff, 0x90, 0xff, 0xff, 0xff, 0xff,
    0xff, 0xda, 0x16, 0x0, 0x21, 0xdb, 0xff, 0xff,
    0xff, 0xff, 0xff, 0xff, 0xff, 0xff, 0xff, 0xb1,
    0xe5, 0xca, 0xff, 0xff, 0xff, 0xff, 0xff, 0xff,
    0xff, 0xff, 0xef, 0xbd, 0xaa, 0xf9, 0xff, 0xff,
    0xff, 0xff, 0xff, 0xff, 0xff, 0xff, 0xff, 0x90,
    0xff, 0xff, 0xff, 0xff, 0xff, 0xff, 0xce, 0x3e,
    0xe7, 0xd8, 0x21, 0x0, 0x0, 0x0, 0x0, 0x0,
    0x7, 0xbc, 0xff, 0xff, 0xbf, 0xfc, 0x69, 0x0,
    0x0, 0x0, 0x0, 0x0, 0x0, 0x53, 0xfc, 0xe6,
    0xe9, 0xff, 0xff, 0xff, 0xff, 0xff, 0xff, 0xff,
    0xff, 0xff, 0xff, 0x90, 0xff, 0xff, 0xff, 0xff,
    0xff, 0xff, 0xff, 0xff, 0xc3, 0x12, 0x0, 0x0,
    0x0, 0x0, 0x0, 0x0, 0x0, 0xb, 0xc6, 0xff,
    0xf5, 0x4c, 0x0, 0x0, 0x0, 0x0, 0x0, 0x0,
    0x0, 0x0, 0x5f, 0xfe, 0xff, 0xff, 0xff, 0xff,
    0xff, 0xff, 0xff, 0xff, 0xff, 0xff, 0xff, 0x90,
    0xff, 0xff, 0xff, 0xff, 0xff, 0xff, 0xff, 0xff,
    0xbb, 0x6, 0x0, 0x0, 0x0, 0x0, 0x0, 0x0,
    0x0, 0x1e, 0xd3, 0xff, 0xf4, 0x39, 0x0, 0x0,
    0x0, 0x0, 0x0, 0x0, 0x0, 0x0, 0x7c, 0xff,
    0xff, 0xff, 0xff, 0xff, 0xff, 0xff, 0xff, 0xff,
    0xff, 0xff, 0xff, 0x90, 0xff, 0xff, 0xff, 0xff,
    0xff, 0xff, 0xe8, 0xd2, 0xff, 0xac, 0x3, 0x0,
    0x0, 0x0, 0x0, 0x0, 0x2f, 0xe4, 0xff, 0xf5,
    0xff, 0xee, 0x2d, 0x0, 0x0, 0x0, 0x0, 0x0,
    0x3, 0x99, 0xff, 0x78, 0x81, 0xff, 0xff, 0xff,
    0xff, 0xff, 0xff, 0xff, 0xff, 0xff, 0xff, 0x90,
    0xff, 0xff, 0xff, 0xff, 0xff, 0xe0, 0xab, 0xba,
    0xd8, 0xff, 0xff, 0xff, 0xff, 0xff, 0xff, 0xff,
    0xff, 0xff, 0xdf, 0xb8, 0xde, 0xff, 0xff, 0xff,
    0xff, 0xff, 0xff, 0xff, 0xff, 0xfc, 0x61, 0x0,
    0x0, 0x99, 0xff, 0xff, 0xff, 0xff, 0xff, 0xff,
    0xff, 0xff, 0xff, 0x90, 0xff, 0xff, 0xff, 0xff,
    0xff, 0xcf, 0xbc, 0xbe, 0xc4, 0xff, 0xff, 0xff,
    0xff, 0xff, 0xff, 0xff, 0xff, 0xd2, 0xc4, 0xc8,
    0xc7, 0xda, 0xff, 0xff, 0xff, 0xff, 0xff, 0xff,
    0xff, 0xb8, 0x0, 0x0, 0x0, 0x25, 0xff, 0xff,
    0xff, 0xff, 0xff, 0xff, 0xff, 0xff, 0xff, 0x90,
    0xff, 0xff, 0xff, 0xff, 0xff, 0xb1, 0xcf, 0xc2,
    0xbe, 0xff, 0xff, 0xff, 0xff, 0xff, 0xff, 0xb2,
    0xff, 0xdf, 0xa5, 0xea, 0xab, 0xf4, 0xff, 0xc0,
    0xff, 0xff, 0xff, 0xff, 0xff, 0xa0, 0x0, 0x0,
    0x0, 0x3a, 0xff, 0xff, 0xff, 0xff, 0xff, 0xff,
    0xff, 0xff, 0xff, 0x90, 0xff, 0xff, 0xff, 0xff,
    0xe7, 0xf9, 0xb1, 0xc3, 0xe9, 0xff, 0xff, 0xff,
    0xff, 0xff, 0xab, 0xef, 0xfb, 0xc3, 0xee, 0xae,
    0xf2, 0xe1, 0xbe, 0xf2, 0xdd, 0xff, 0xff, 0xff,
    0xff, 0x87, 0x0, 0x0, 0x0, 0x56, 0xff, 0xff,
    0xff, 0xff, 0xff, 0xff, 0xff, 0xff, 0xff, 0x90,
    0xff, 0xff, 0xff, 0xff, 0xfc, 0xac, 0xd5, 0xc9,
    0xd6, 0xff, 0xff, 0xff, 0xf7, 0xb0, 0xf2, 0xac,
    0xff, 0xd1, 0xb5, 0xf3, 0xae, 0xff, 0xf6, 0xb0,
    0xf3, 0xf2, 0xff, 0xff, 0xff, 0x6f, 0x0, 0x0,
    0x0, 0x6c, 0xff, 0xff, 0xff, 0xff, 0xff, 0xff,
    0xff, 0xff, 0xff, 0x90, 0xff, 0xff, 0xff, 0xff,
    0xda, 0xd1, 0xb9, 0xb9, 0xea, 0xff, 0xff, 0xf3,
    0xbf, 0xcb, 0xbc, 0xda, 0xfa, 0xb8, 0xcb, 0xbf,
    0xc6, 0xf7, 0xbb, 0xd0, 0xbf, 0xdc, 0xff, 0xff,
    0xff, 0x57, 0x0, 0x0, 0x0, 0x86, 0xff, 0xff,
    0xff, 0xff, 0xff, 0xff, 0xff, 0xff, 0xff, 0x90,
    0xff, 0xff, 0xff, 0xff, 0xce, 0xca, 0xbb, 0xbc,
    0xe9, 0xff, 0xfa, 0xb9, 0xb6, 0xc3, 0xc5, 0xd1,
    0xf7, 0xb9, 0xc7, 0xc2, 0xcf, 0xff, 0xc6, 0xc6,
    0xc5, 0xc3, 0xd4, 0xff, 0xff, 0x3e, 0x0, 0x0,
    0x0, 0x9c, 0xff, 0xff, 0xff, 0xff, 0xff, 0xff,
    0xff, 0xff, 0xff, 0x90, 0xff, 0xff, 0xff, 0xff,
    0xf2, 0xb0, 0xc9, 0xba, 0xf8, 0xff, 0xbb, 0xce,
    0xc6, 0xac, 0xec, 0xff, 0xda, 0xc7, 0xa5, 0xeb,
    0xab, 0xff, 0xf6, 0xb0, 0xec, 0xa6, 0xc6, 0xdd,
    0xff, 0x26, 0x0, 0x0, 0x0, 0xb6, 0xff, 0xff,
    0xff, 0xff, 0xff, 0xff, 0xff, 0xff, 0xff, 0x90,
    0xff, 0xff, 0xff, 0xff, 0xae, 0xf2, 0xbb, 0xc6,
    0xe8, 0xc4, 0xf4, 0xbc, 0xc8, 0xec, 0xff, 0xff,
    0xff, 0xc6, 0xec, 0xb3, 0xff, 0xff, 0xff, 0xfd,
    0xae, 0xea, 0xc8, 0xbe, 0xfe, 0xd, 0x0, 0x0,
    0x0, 0xcf, 0xff, 0xff, 0xff, 0xff, 0xff, 0xff,
    0xff, 0xff, 0xff, 0x90, 0xff, 0xff, 0xff, 0xff,
    0xf0, 0xb2, 0xd6, 0xc0, 0xfa, 0xf2, 0xaa, 0xd3,
    0xd7, 0xff, 0xff, 0xff, 0xd8, 0xcf, 0xb0, 0xf4,
    0xb1, 0xff, 0xff, 0xff, 0xff, 0xae, 0xc7, 0xd1,
    0xf5, 0x0, 0x0, 0x0, 0x0, 0xe7, 0xff, 0xff,
    0xff, 0xff, 0xff, 0xff, 0xff, 0xff, 0xff, 0x90,
    0xff, 0xff, 0xff, 0xff, 0xbf, 0xd0, 0xb6, 0xb7,
    0xf0, 0xc0, 0xc9, 0xc5, 0xff, 0xff, 0xff, 0xff,
    0xea, 0xbc, 0xd0, 0xbd, 0xdf, 0xff, 0xff, 0xff,
    0xff, 0xed, 0xbf, 0xc7, 0xdd, 0x0, 0x0, 0x0,
    0x2, 0xfc, 0xff, 0xff, 0xff, 0xff, 0xff, 0xff,
    0xff, 0xff, 0xff, 0x90, 0xff, 0xff, 0xff, 0xff,
    0xc2, 0xcd, 0xbb, 0xbb, 0xff, 0xc3, 0xd7, 0xff,
    0xff, 0xff, 0xff, 0xff, 0xe4, 0xbb, 0xc8, 0xbe,
    0xe3, 0xff, 0xff, 0xff, 0xff, 0xff, 0xdc, 0xd8,
    0xc4, 0x0, 0x0, 0x0, 0x17, 0xff, 0xff, 0xff,
    0xff, 0xff, 0xff, 0xff, 0xff, 0xff, 0xff, 0x90,
    0xff, 0xff, 0xff, 0xe6, 0xf0, 0xae, 0xd1, 0xc3,
    0xff, 0xf1, 0xff, 0xff, 0xff, 0xff, 0xff, 0xff,
    0xd1, 0xc7, 0xac, 0xf0, 0xf5, 0xff, 0xff, 0xff,
    0xff, 0xff, 0xf7, 0xda, 0xac, 0x0, 0x0, 0x0,
    0x2f, 0xff, 0xff, 0xff, 0xff, 0xff, 0xff, 0xff,
    0xff, 0xff, 0xff, 0x90, 0xff, 0xff, 0xff, 0xff,
    0xae, 0xf9, 0xb8, 0xe2, 0xff, 0xff, 0xff, 0xff,
    0xff, 0xff, 0xff, 0xff, 0xff, 0xc4, 0xef, 0xf7,
    0xff, 0xff, 0xff, 0xff, 0xff, 0xff, 0xff, 0xff,
    0x93, 0x0, 0x0, 0x0, 0x47, 0xff, 0xff, 0xff,
    0xff, 0xdf, 0xfe, 0xff, 0xff, 0xff, 0xff, 0x90,
    0xff, 0xff, 0xff, 0xd3, 0xe5, 0xac, 0xd4, 0xcd,
    0xff, 0xff, 0xff, 0xff, 0xff, 0xff, 0xff, 0xff,
    0xff, 0xff, 0xf9, 0xff, 0xff, 0xff, 0xff, 0xff,
    0xff, 0xff, 0xff, 0xff, 0x9c, 0x0, 0x0, 0x0,
    0x5f, 0xff, 0xff, 0xd5, 0xc3, 0xd2, 0xa6, 0xee,
    0xff, 0xff, 0xff, 0x90, 0xff, 0xff, 0xff, 0xdf,
    0xc4, 0xcf, 0xc4, 0xff, 0xbd, 0x8c, 0x8c, 0x8c,
    0x8c, 0x8c, 0x8c, 0x8c, 0x8c, 0x8c, 0x8c, 0x8c,
    0x8c, 0x8c, 0x8c, 0x8c, 0x8c, 0x8c, 0x8c, 0xc0,
    0xff, 0x62, 0x0, 0x0, 0x76, 0xff, 0xf3, 0xc4,
    0xb8, 0xb8, 0xd3, 0xbe, 0xea, 0xff, 0xff, 0x90,
    0xff, 0xff, 0xff, 0xd9, 0xc6, 0xdc, 0xff, 0x9f,
    0x3, 0x0, 0x0, 0x0, 0x0, 0x0, 0x0, 0x0,
    0x0, 0x0, 0x0, 0x0, 0x0, 0x0, 0x0, 0x0,
    0x0, 0x0, 0x0, 0x8, 0xc4, 0xfb, 0x49, 0x0,
    0xa5, 0xff, 0xc6, 0xbb, 0xb8, 0xb9, 0xd5, 0xbf,
    0xe7, 0xff, 0xff, 0x90, 0xff, 0xff, 0xff, 0xff,
    0xe6, 0xff, 0x8c, 0x1, 0x0, 0x0, 0x0, 0x0,
    0x0, 0x0, 0x0, 0x0, 0x0, 0x0, 0x0, 0x0,
    0x0, 0x0, 0x0, 0x0, 0x0, 0x0, 0x0, 0x0,
    0x11, 0xd5, 0xf4, 0xa0, 0xff, 0xff, 0xf3, 0xaa,
    0xba, 0xce, 0xa7, 0xe9, 0xe2, 0xff, 0xff, 0x90,
    0xff, 0xff, 0xff, 0xff, 0xff, 0x92, 0x0, 0x0,
    0x0, 0x0, 0x0, 0x0, 0x0, 0x0, 0x0, 0x0,
    0x0, 0x0, 0x0, 0x0, 0x0, 0x0, 0x0, 0x0,
    0x0, 0x0, 0x0, 0x0, 0x0, 0x20, 0xf9, 0xff,
    0xff, 0xff, 0xff, 0xdf, 0xce, 0xb8, 0xfb, 0xb6,
    0xff, 0xff, 0xff, 0x90, 0xff, 0xff, 0xff, 0xff,
    0xff, 0xe4, 0x47, 0x40, 0x40, 0x40, 0x40, 0x40,
    0x40, 0x40, 0x40, 0x40, 0x40, 0x40, 0x40, 0x40,
    0x40, 0x40, 0x40, 0x40, 0x40, 0x40, 0x40, 0x40,
    0x40, 0xaf, 0xff, 0xff, 0xff, 0xff, 0xff, 0xff,
    0xcd, 0xdf, 0xca, 0xff, 0xff, 0xff, 0xff, 0x90,
    0xff, 0xff, 0xff, 0xff, 0xff, 0xff, 0xff, 0xff,
    0xff, 0xff, 0xff, 0xff, 0xff, 0xff, 0xff, 0xff,
    0xff, 0xff, 0xff, 0xff, 0xff, 0xff, 0xff, 0xff,
    0xff, 0xff, 0xff, 0xff, 0xff, 0xff, 0xff, 0xff,
    0xff, 0xff, 0xff, 0xff, 0xff, 0xff, 0xff, 0xff,
    0xff, 0xff, 0xff, 0x90, 0xff, 0xff, 0xff, 0xff,
    0xff, 0xff, 0xff, 0xff, 0xff, 0xff, 0xff, 0xff,
    0xff, 0xff, 0xff, 0xff, 0xff, 0xff, 0xff, 0xff,
    0xff, 0xff, 0xff, 0xff, 0xff, 0xff, 0xff, 0xff,
    0xff, 0xff, 0xff, 0xff, 0xff, 0xff, 0xff, 0xff,
    0xff, 0xff, 0xff, 0xff, 0xff, 0xff, 0xff, 0x90,
    0xff, 0xff, 0xff, 0xff, 0xff, 0xff, 0xff, 0xff,
    0xff, 0xff, 0xff, 0xff, 0xff, 0xff, 0xff, 0xff,
    0xff, 0xff, 0xff, 0xff, 0xff, 0xff, 0xff, 0xff,
    0xff, 0xff, 0xff, 0xff, 0xff, 0xff, 0xff, 0xff,
    0xff, 0xff, 0xff, 0xff, 0xff, 0xff, 0xff, 0xff,
    0xff, 0xff, 0xff, 0x90, 0xff, 0xff, 0xff, 0xff,
    0xff, 0xff, 0xff, 0xff, 0xff, 0xff, 0xff, 0xff,
    0xff, 0xff, 0xff, 0xff, 0xff, 0xff, 0xff, 0xff,
    0xff, 0xff, 0xff, 0xff, 0xff, 0xff, 0xff, 0xff,
    0xff, 0xff, 0xff, 0xff, 0xff, 0xff, 0xff, 0xff,
    0xff, 0xff, 0xff, 0xff, 0xff, 0xff, 0xff, 0x90,
    0xff, 0xff, 0xff, 0xff, 0xff, 0xff, 0xff, 0xff,
    0xff, 0xff, 0xff, 0xff, 0xff, 0xff, 0xff, 0xff,
    0xff, 0xff, 0xff, 0xff, 0xff, 0xff, 0xff, 0xff,
    0xff, 0xff, 0xff, 0xff, 0xff, 0xff, 0xff, 0xff,
    0xff, 0xff, 0xff, 0xff, 0xff, 0xff, 0xff, 0xff,
    0xff, 0xff, 0xff, 0x90, 0xff, 0xff, 0xff, 0xff,
    0xff, 0xff, 0xff, 0xff, 0xff, 0xff, 0xff, 0xff,
    0xff, 0xff, 0xff, 0xff, 0xff, 0xff, 0xff, 0xff,
    0xff, 0xff, 0xff, 0xff, 0xff, 0xff, 0xff, 0xff,
    0xff, 0xff, 0xff, 0xff, 0xff, 0xff, 0xff, 0xff,
    0xff, 0xff, 0xff, 0xff, 0xff, 0xff, 0xff, 0x90,

    /* U+0036 "6" */
    0xff, 0xff, 0xff, 0xff, 0xff, 0xff, 0xff, 0xff,
    0xff, 0xff, 0xff, 0xff, 0xff, 0xff, 0xff, 0xff,
    0xff, 0xff, 0xff, 0xff, 0xff, 0xff, 0xff, 0xff,
    0xff, 0xff, 0xff, 0xff, 0xff, 0xff, 0xff, 0xff,
    0xff, 0xff, 0xff, 0xff, 0xff, 0xff, 0xff, 0xff,
    0xff, 0xff, 0xff, 0x90, 0xff, 0xff, 0xff, 0xff,
    0xff, 0xff, 0xff, 0xff, 0xff, 0xff, 0xff, 0xff,
    0xff, 0xff, 0xff, 0xff, 0xff, 0xff, 0xff, 0xff,
    0xff, 0xff, 0xff, 0xff, 0xff, 0xff, 0xff, 0xff,
    0xff, 0xff, 0xff, 0xff, 0xff, 0xff, 0xff, 0xff,
    0xff, 0xff, 0xff, 0xff, 0xff, 0xff, 0xff, 0x90,
    0xff, 0xff, 0xff, 0xff, 0xff, 0xff, 0xff, 0xff,
    0xff, 0xff, 0xff, 0xff, 0xff, 0xff, 0xff, 0xff,
    0xff, 0xff, 0xff, 0xff, 0xff, 0xff, 0xff, 0xff,
    0xff, 0xff, 0xff, 0xff, 0xff, 0xff, 0xff, 0xff,
    0xff, 0xff, 0xff, 0xff, 0xff, 0xff, 0xff, 0xff,
    0xff, 0xff, 0xff, 0x90, 0xff, 0xff, 0xff, 0xff,
    0xff, 0xff, 0xff, 0xff, 0xff, 0xff, 0xff, 0xff,
    0xff, 0xff, 0xff, 0xff, 0xff, 0xff, 0xff, 0xff,
    0xff, 0xff, 0xff, 0xff, 0xff, 0xff, 0xff, 0xff,
    0xff, 0xff, 0xff, 0xff, 0xff, 0xff, 0xff, 0xff,
    0xff, 0xff, 0xff, 0xff, 0xff, 0xff, 0xff, 0x90,
    0xff, 0xff, 0xff, 0xff, 0xff, 0xff, 0xff, 0xff,
    0xff, 0xdc, 0x33, 0x24, 0x24, 0x24, 0x24, 0x24,
    0x24, 0x24, 0x24, 0x24, 0x24, 0x24, 0x24, 0x24,
    0x24, 0x24, 0x24, 0x24, 0x24, 0x24, 0x24, 0x24,
    0x24, 0x89, 0xff, 0xff, 0xff, 0xff, 0xff, 0xff,
    0xff, 0xff, 0xff, 0x90, 0xff, 0xff, 0xff, 0xff,
    0xff, 0xff, 0xff, 0xff, 0xff, 0x80, 0x0, 0x0,
    0x0, 0x0, 0x0, 0x0, 0x0, 0x0, 0x0, 0x0,
    0x0, 0x0, 0x0, 0x0, 0x0, 0x0, 0x0, 0x0,
    0x0, 0x0, 0x0, 0x0, 0x0, 0x40, 0xfc, 0xff,
    0xff, 0xff, 0xff, 0xff, 0xff, 0xff, 0xff, 0x90,
    0xff, 0xff, 0xff, 0xff, 0xff, 0xff, 0xff, 0xc9,
    0xb5, 0xfd, 0x53, 0x0, 0x0, 0x0, 0x0, 0x0,
    0x0, 0x0, 0x0, 0x0, 0x0, 0x0, 0x0, 0x0,
    0x0, 0x0, 0x0, 0x0, 0x0, 0x0, 0x0, 0x0,
    0x46, 0xf5, 0xf3, 0xff, 0xff, 0xff, 0xff, 0xff,
    0xff, 0xff, 0xff, 0x90, 0xff, 0xff, 0xff, 0xff,
    0xff, 0xff, 0xf2, 0xc, 0xb, 0xcb, 0xf7, 0x38,
    0x0, 0x0, 0x0, 0x0, 0x0, 0x0, 0x0, 0x0,
    0x0, 0x0, 0x0, 0x0, 0x0, 0x0, 0x0, 0x0,
    0x0, 0x0, 0x0, 0x51, 0xf9, 0xed, 0xff, 0xb6,
    0xff, 0xff, 0xff, 0xff, 0xff, 0xff, 0xff, 0x90,
    0xff, 0xff, 0xff, 0xff, 0xff, 0xff, 0xd7, 0x0,
    0x0, 0x17, 0xde, 0xea, 0x88, 0x88, 0x88, 0x88,
    0x88, 0x88, 0x88, 0x88, 0x88, 0x88, 0x88, 0x88,
    0x88, 0x88, 0x88, 0x88, 0x88, 0x88, 0x92, 0xfb,
    0xe0, 0xfc, 0xb2, 0xf9, 0xff, 0xff, 0xff, 0xff,
    0xff, 0xff, 0xff, 0x90, 0xff, 0xff, 0xff, 0xff,
    0xff, 0xff, 0xbf, 0x0, 0x0, 0x0, 0x35, 0xff,
    0xff, 0xff, 0xff, 0xff, 0xff, 0xff, 0xff, 0xff,
    0xfd, 0xf1, 0xff, 0xff, 0xff, 0xff, 0xff, 0xff,
    0xff, 0xff, 0xff, 0xf3, 0xd6, 0xb3, 0xe4, 0xb3,
    0xff, 0xff, 0xff, 0xff, 0xff, 0xff, 0xff, 0x90,
    0xff, 0xff, 0xff, 0xff, 0xff, 0xff, 0xa7, 0x0,
    0x0, 0x0, 0x31, 0xee, 0xf2, 0xff, 0xff, 0xff,
    0xff, 0xff, 0xff, 0xff, 0xc9, 0xb7, 0xe9, 0xff,
    0xff, 0xff, 0xff, 0xff, 0xff, 0xff, 0xe2, 0xe4,
    0xbb, 0xcd, 0xc0, 0xd2, 0xff, 0xff, 0xff, 0xff,
    0xff, 0xff, 0xff, 0x90, 0xff, 0xff, 0xff, 0xff,
    0xff, 0xff, 0x8e, 0x0, 0x0, 0x0, 0x4a, 0xfb,
    0xdf, 0xff, 0xff, 0xff, 0xff, 0xff, 0xff, 0xbd,
    0xc8, 0xb7, 0xb6, 0xfa, 0xff, 0xff, 0xff, 0xff,
    0xff, 0xde, 0xf6, 0xe9, 0xb5, 0xd7, 0xb5, 0xde,
    0xff, 0xff, 0xff, 0xff, 0xff, 0xff, 0xff, 0x90,
    0xff, 0xff, 0xff, 0xff, 0xff, 0xff, 0x76, 0x0,
    0x0, 0x0, 0x62, 0xd8, 0xd6, 0xfb, 0xff, 0xff,
    0xff, 0xff, 0xff, 0xf2, 0xb2, 0xcd, 0xd3, 0xff,
    0xff, 0xff, 0xff, 0xff, 0xd3, 0xf6, 0xd9, 0xd5,
    0xd4, 0xac, 0xf0, 0xc0, 0xff, 0xff, 0xff, 0xff,
    0xff, 0xff, 0xff, 0x90, 0xff, 0xff, 0xff, 0xff,
    0xff, 0xff, 0x5e, 0x0, 0x0, 0x0, 0x7f, 0xfe,
    0xc7, 0xec, 0xff, 0xff, 0xff, 0xff, 0xfc, 0xb1,
    0xea, 0xc6, 0xcc, 0xff, 0xff, 0xff, 0xff, 0xea,
    0xfb, 0xa8, 0xfb, 0xf1, 0xba, 0xf5, 0xad, 0xff,
    0xff, 0xff, 0xff, 0xff, 0xff, 0xff, 0xff, 0x90,
    0xff, 0xff, 0xff, 0xff, 0xff, 0xff, 0x45, 0x0,
    0x0, 0x0, 0x96, 0xd9, 0xc3, 0xa9, 0xe9, 0xff,
    0xff, 0xff, 0xee, 0xe9, 0xaa, 0xc2, 0xc8, 0xff,
    0xff, 0xff, 0xf4, 0xbc, 0xac, 0xe8, 0xf2, 0xcb,
    0xc7, 0xa7, 0xe2, 0xd4, 0xff, 0xff, 0xff, 0xff,
    0xff, 0xff, 0xff, 0x90, 0xff, 0xff, 0xff, 0xff,
    0xff, 0xff, 0x2d, 0x0, 0x0, 0x0, 0xac, 0xeb,
    0xba, 0xc1, 0xc2, 0xd1, 0xff, 0xff, 0xe9, 0xc2,
    0xc7, 0xbd, 0xda, 0xff, 0xff, 0xf2, 0xd3, 0xcc,
    0xca, 0xc7, 0xff, 0xc6, 0xbb, 0xd1, 0xc4, 0xef,
    0xff, 0xff, 0xff, 0xff, 0xff, 0xff, 0xff, 0x90,
    0xff, 0xff, 0xff, 0xff, 0xff, 0xff, 0x15, 0x0,
    0x0, 0x0, 0xcc, 0xf4, 0xbc, 0xcf, 0xb4, 0xd3,
    0xcb, 0xff, 0xef, 0xbe, 0xd3, 0xb9, 0xe5, 0xff,
    0xf3, 0xe3, 0xbb, 0xb4, 0xd5, 0xff, 0xfc, 0xb9,
    0xb4, 0xdc, 0xb8, 0xf8, 0xff, 0xff, 0xff, 0xff,
    0xff, 0xff, 0xff, 0x90, 0xff, 0xff, 0xff, 0xff,
    0xff, 0xfb, 0x1, 0x0, 0x0, 0x0, 0xe5, 0xff,
    0xfc, 0xa8, 0xf9, 0xab, 0xcf, 0xe6, 0xbe, 0xfa,
    0xa8, 0xd0, 0xd8, 0xf3, 0xff, 0xaa, 0xce, 0xd3,
    0xfe, 0xff, 0xff, 0xcd, 0xd4, 0xb1, 0xfa, 0xff,
    0xff, 0xff, 0xff, 0xff, 0xff, 0xff, 0xff, 0x90,
    0xff, 0xff, 0xff, 0xff, 0xff, 0xe4, 0x0, 0x0,
    0x0, 0x1, 0xfa, 0xff, 0xff, 0xfc, 0xae, 0xe8,
    0xba, 0xf8, 0xfe, 0xa7, 0xf0, 0xbe, 0xfe, 0xf1,
    0xae, 0xe9, 0xbc, 0xf9, 0xff, 0xff, 0xe8, 0xc6,
    0xb5, 0xf7, 0xaa, 0xff, 0xff, 0xff, 0xff, 0xff,
    0xff, 0xff, 0xff, 0x90, 0xff, 0xff, 0xff, 0xff,
    0xff, 0xcc, 0x0, 0x0, 0x0, 0x14, 0xff, 0xff,
    0xff, 0xff, 0xec, 0xae, 0xd0, 0xeb, 0xb7, 0xe8,
    0xb3, 0xc6, 0xdb, 0xcf, 0xd6, 0xae, 0xfa, 0xff,
    0xff, 0xff, 0xf7, 0xbe, 0xce, 0xb2, 0xe7, 0xff,
    0xff, 0xff, 0xff, 0xff, 0xff, 0xff, 0xff, 0x90,
    0xff, 0xff, 0xff, 0xff, 0xff, 0xb4, 0x0, 0x0,
    0x0, 0x2b, 0xff, 0xff, 0xff, 0xff, 0xfc, 0xc0,
    0xba, 0xf9, 0xd0, 0xcc, 0xc1, 0xbb, 0xe8, 0xc9,
    0xdc, 0xf3, 0xff, 0xff, 0xff, 0xff, 0xf1, 0xbc,
    0xb7, 0xc8, 0xc4, 0xff, 0xff, 0xff, 0xff, 0xff,
    0xff, 0xff, 0xff, 0x90, 0xff, 0xff, 0xff, 0xff,
    0xff, 0x9b, 0x0, 0x0, 0x0, 0x41, 0xff, 0xff,
    0xff, 0xff, 0xff, 0xf4, 0xbe, 0xfd, 0xe1, 0xb6,
    0xd2, 0xb5, 0xf4, 0xe3, 0xe9, 0xff, 0xff, 0xff,
    0xff, 0xff, 0xe6, 0xb4, 0xae, 0xde, 0xc2, 0xff,
    0xff, 0xff, 0xff, 0xff, 0xff, 0xff, 0xff, 0x90,
    0xff, 0xff, 0xff, 0xff, 0xff, 0x83, 0x0, 0x0,
    0x0, 0x5b, 0xff, 0xff, 0xff, 0xff, 0xff, 0xff,
    0xff, 0xff, 0xae, 0xf8, 0xae, 0xcf, 0xf3, 0xff,
    0xff, 0xff, 0xff, 0xff, 0xff, 0xff, 0xeb, 0xd1,
    0xd6, 0xad, 0xff, 0xff, 0xff, 0xff, 0xff, 0xff,
    0xff, 0xff, 0xff, 0x90, 0xff, 0xff, 0xff, 0xff,
    0xff, 0xda, 0x16, 0x0, 0x21, 0xdb, 0xff, 0xff,
    0xff, 0xff, 0xff, 0xff, 0xff, 0xff, 0xff, 0xb1,
    0xe5, 0xca, 0xff, 0xff, 0xff, 0xff, 0xff, 0xff,
    0xff, 0xff, 0xef, 0xbd, 0xaa, 0xf9, 0xff, 0xff,
    0xff, 0xff, 0xff, 0xff, 0xff, 0xff, 0xff, 0x90,
    0xff, 0xff, 0xff, 0xff, 0xff, 0xff, 0xce, 0x3e,
    0xe7, 0xd8, 0x21, 0x0, 0x0, 0x0, 0x0, 0x0,
    0x7, 0xbc, 0xff, 0xff, 0xbf, 0xfc, 0x69, 0x0,
    0x0, 0x0, 0x0, 0x0, 0x0, 0x53, 0xfc, 0xe6,
    0xe9, 0xff, 0xff, 0xff, 0xff, 0xff, 0xff, 0xff,
    0xff, 0xff, 0xff, 0x90, 0xff, 0xff, 0xff, 0xff,
    0xff, 0xff, 0xff, 0xff, 0xc3, 0x12, 0x0, 0x0,
    0x0, 0x0, 0x0, 0x0, 0x0, 0xb, 0xc6, 0xff,
    0xf5, 0x4c, 0x0, 0x0, 0x0, 0x0, 0x0, 0x0,
    0x0, 0x0, 0x5f, 0xfe, 0xff, 0xff, 0xff, 0xff,
    0xff, 0xff, 0xff, 0xff, 0xff, 0xff, 0xff, 0x90,
    0xff, 0xff, 0xff, 0xff, 0xff, 0xff, 0xff, 0xff,
    0xbb, 0x6, 0x0, 0x0, 0x0, 0x0, 0x0, 0x0,
    0x0, 0x1e, 0xd3, 0xff, 0xf4, 0x39, 0x0, 0x0,
    0x0, 0x0, 0x0, 0x0, 0x0, 0x0, 0x7c, 0xff,
    0xff, 0xff, 0xff, 0xff, 0xff, 0xff, 0xff, 0xff,
    0xff, 0xff, 0xff, 0x90, 0xff, 0xff, 0xff, 0xff,
    0xff, 0xff, 0x90, 0x62, 0xfe, 0xac, 0x3, 0x0,
    0x0, 0x0, 0x0, 0x0, 0x2f, 0xe4, 0xff, 0xf5,
    0xff, 0xee, 0x2d, 0x0, 0x0, 0x0, 0x0, 0x0,
    0x3, 0x99, 0xff, 0x78, 0x81, 0xff, 0xff, 0xff,
    0xff, 0xff, 0xff, 0xff, 0xff, 0xff, 0xff, 0x90,
    0xff, 0xff, 0xff, 0xff, 0xfd, 0x70, 0x0, 0x0,
    0x72, 0xff, 0xff, 0xff, 0xff, 0xff, 0xff, 0xff,
    0xff, 0xff, 0xdf, 0xb8, 0xde, 0xff, 0xff, 0xff,
    0xff, 0xff, 0xff, 0xff, 0xff, 0xfc, 0x61, 0x0,
    0x0, 0x99, 0xff, 0xff, 0xff, 0xff, 0xff, 0xff,
    0xff, 0xff, 0xff, 0x90, 0xff, 0xff, 0xff, 0xff,
    0xcc, 0x0, 0x0, 0x0, 0x8, 0xff, 0xff, 0xff,
    0xff, 0xff, 0xff, 0xff, 0xff, 0xd2, 0xc4, 0xc8,
    0xc7, 0xda, 0xff, 0xff, 0xff, 0xff, 0xff, 0xff,
    0xff, 0xb8, 0x0, 0x0, 0x0, 0x25, 0xff, 0xff,
    0xff, 0xff, 0xff, 0xff, 0xff, 0xff, 0xff, 0x90,
    0xff, 0xff, 0xff, 0xff, 0xb4, 0x0, 0x0, 0x0,
    0x21, 0xff, 0xff, 0xff, 0xff, 0xff, 0xff, 0xb2,
    0xff, 0xdf, 0xa5, 0xea, 0xab, 0xf4, 0xff, 0xc0,
    0xff, 0xff, 0xff, 0xff, 0xff, 0xa0, 0x0, 0x0,
    0x0, 0x3a, 0xff, 0xff, 0xff, 0xff, 0xff, 0xff,
    0xff, 0xff, 0xff, 0x90, 0xff, 0xff, 0xff, 0xff,
    0x9d, 0x0, 0x0, 0x0, 0x39, 0xff, 0xff, 0xff,
    0xff, 0xff, 0xab, 0xef, 0xfb, 0xc3, 0xee, 0xae,
    0xf2, 0xe1, 0xbe, 0xf2, 0xdd, 0xff, 0xff, 0xff,
    0xff, 0x87, 0x0, 0x0, 0x0, 0x56, 0xff, 0xff,
    0xff, 0xff, 0xff, 0xff, 0xff, 0xff, 0xff, 0x90,
    0xff, 0xff, 0xff, 0xff, 0x85, 0x0, 0x0, 0x0,
    0x51, 0xff, 0xff, 0xff, 0xf7, 0xb0, 0xf2, 0xac,
    0xff, 0xd1, 0xb5, 0xf3, 0xae, 0xff, 0xf6, 0xb0,
    0xf3, 0xf5, 0xff, 0xff, 0xff, 0x6f, 0x0, 0x0,
    0x0, 0x6c, 0xff, 0xff, 0xff, 0xff, 0xff, 0xff,
    0xff, 0xff, 0xff, 0x90, 0xff, 0xff, 0xff, 0xff,
    0x6d, 0x0, 0x0, 0x0, 0x69, 0xff, 0xff, 0xf3,
    0xbf, 0xcb, 0xbc, 0xda, 0xfa, 0xb8, 0xcb, 0xbf,
    0xc6, 0xf7, 0xbb, 0xd0, 0xbf, 0xdc, 0xff, 0xff,
    0xff, 0x57, 0x0, 0x0, 0x0, 0x86, 0xff, 0xff,
    0xff, 0xff, 0xff, 0xff, 0xff, 0xff, 0xff, 0x90,
    0xff, 0xff, 0xff, 0xff, 0x56, 0x0, 0x0, 0x0,
    0x82, 0xff, 0xfa, 0xb9, 0xb6, 0xc3, 0xc5, 0xd1,
    0xf7, 0xb9, 0xc7, 0xc2, 0xcf, 0xff, 0xc6, 0xc6,
    0xc5, 0xc3, 0xd4, 0xff, 0xff, 0x3e, 0x0, 0x0,
    0x0, 0x9c, 0xff, 0xff, 0xff, 0xff, 0xff, 0xff,
    0xff, 0xff, 0xff, 0x90, 0xff, 0xff, 0xff, 0xff,
    0x3e, 0x0, 0x0, 0x0, 0x9b, 0xff, 0xbb, 0xce,
    0xc6, 0xac, 0xec, 0xff, 0xda, 0xc7, 0xa5, 0xeb,
    0xab, 0xff, 0xf6, 0xb0, 0xec, 0xa6, 0xc6, 0xdd,
    0xff, 0x26, 0x0, 0x0, 0x0, 0xb6, 0xff, 0xff,
    0xff, 0xff, 0xff, 0xff, 0xff, 0xff, 0xff, 0x90,
    0xff, 0xff, 0xff, 0xff, 0x26, 0x0, 0x0, 0x0,
    0xb4, 0xc4, 0xf4, 0xbc, 0xc8, 0xec, 0xff, 0xff,
    0xff, 0xc6, 0xec, 0xb3, 0xff, 0xff, 0xff, 0xfd,
    0xae, 0xea, 0xc8, 0xbe, 0xfe, 0xd, 0x0, 0x0,
    0x0, 0xcf, 0xff, 0xff, 0xff, 0xff, 0xff, 0xff,
    0xff, 0xff, 0xff, 0x90, 0xff, 0xff, 0xff, 0xff,
    0xf, 0x0, 0x0, 0x0, 0xcd, 0xf2, 0xaa, 0xd3,
    0xd7, 0xff, 0xff, 0xff, 0xd8, 0xcf, 0xb0, 0xf4,
    0xb1, 0xff, 0xff, 0xff, 0xff, 0xae, 0xc7, 0xd1,
    0xf5, 0x0, 0x0, 0x0, 0x0, 0xe7, 0xff, 0xff,
    0xff, 0xff, 0xff, 0xff, 0xff, 0xff, 0xff, 0x90,
    0xff, 0xff, 0xff, 0xf7, 0x0, 0x0, 0x0, 0x0,
    0xe3, 0xc0, 0xc9, 0xc5, 0xff, 0xff, 0xff, 0xff,
    0xea, 0xbc, 0xd0, 0xbd, 0xdf, 0xff, 0xff, 0xff,
    0xff, 0xed, 0xbf, 0xc7, 0xdd, 0x0, 0x0, 0x0,
    0x2, 0xfc, 0xff, 0xff, 0xff, 0xff, 0xff, 0xff,
    0xff, 0xff, 0xff, 0x90, 0xff, 0xff, 0xff, 0xdf,
    0x0, 0x0, 0x0, 0x0, 0xf8, 0xc3, 0xd7, 0xff,
    0xff, 0xff, 0xff, 0xff, 0xe4, 0xbb, 0xc8, 0xbe,
    0xe3, 0xff, 0xff, 0xff, 0xff, 0xff, 0xdc, 0xd8,
    0xc4, 0x0, 0x0, 0x0, 0x17, 0xff, 0xff, 0xff,
    0xff, 0xff, 0xff, 0xff, 0xff, 0xff, 0xff, 0x90,
    0xff, 0xff, 0xff, 0xc7, 0x0, 0x0, 0x0, 0x12,
    0xff, 0xf1, 0xff, 0xff, 0xff, 0xff, 0xff, 0xff,
    0xd1, 0xc7, 0xac, 0xf0, 0xf5, 0xff, 0xff, 0xff,
    0xff, 0xff, 0xf7, 0xda, 0xac, 0x0, 0x0, 0x0,
    0x2f, 0xff, 0xff, 0xff, 0xff, 0xff, 0xff, 0xff,
    0xff, 0xff, 0xff, 0x90, 0xff, 0xff, 0xff, 0xb0,
    0x0, 0x0, 0x0, 0x29, 0xff, 0xff, 0xff, 0xff,
    0xff, 0xff, 0xff, 0xff, 0xff, 0xc4, 0xef, 0xf7,
    0xff, 0xff, 0xff, 0xff, 0xff, 0xff, 0xff, 0xff,
    0x93, 0x0, 0x0, 0x0, 0x47, 0xff, 0xff, 0xff,
    0xff, 0xdf, 0xfe, 0xff, 0xff, 0xff, 0xff, 0x90,
    0xff, 0xff, 0xff, 0x98, 0x0, 0x0, 0x0, 0x63,
    0xff, 0xff, 0xff, 0xff, 0xff, 0xff, 0xff, 0xff,
    0xff, 0xff, 0xfa, 0xff, 0xff, 0xff, 0xff, 0xff,
    0xff, 0xff, 0xff, 0xff, 0x9c, 0x0, 0x0, 0x0,
    0x5f, 0xff, 0xff, 0xd5, 0xc3, 0xd2, 0xa6, 0xee,
    0xff, 0xff, 0xff, 0x90, 0xff, 0xff, 0xff, 0x80,
    0x0, 0x0, 0x5d, 0xfb, 0xbd, 0x8c, 0x8c, 0x8c,
    0x8c, 0x8c, 0x8c, 0x8c, 0x8c, 0x8c, 0x8c, 0x8c,
    0x8c, 0x8c, 0x8c, 0x8c, 0x8c, 0x8c, 0x8c, 0xc0,
    0xff, 0x62, 0x0, 0x0, 0x76, 0xff, 0xf3, 0xc4,
    0xb8, 0xb8, 0xd3, 0xbe, 0xea, 0xff, 0xff, 0x90,
    0xff, 0xff, 0xff, 0x81, 0x0, 0x70, 0xfe, 0x9f,
    0x3, 0x0, 0x0, 0x0, 0x0, 0x0, 0x0, 0x0,
    0x0, 0x0, 0x0, 0x0, 0x0, 0x0, 0x0, 0x0,
    0x0, 0x0, 0x0, 0x8, 0xc4, 0xfb, 0x49, 0x0,
    0xa5, 0xff, 0xc7, 0xbb, 0xb8, 0xb9, 0xd5, 0xbf,
    0xe7, 0xff, 0xff, 0x90, 0xff, 0xff, 0xff, 0xf9,
    0xa3, 0xff, 0x8c, 0x1, 0x0, 0x0, 0x0, 0x0,
    0x0, 0x0, 0x0, 0x0, 0x0, 0x0, 0x0, 0x0,
    0x0, 0x0, 0x0, 0x0, 0x0, 0x0, 0x0, 0x0,
    0x11, 0xd5, 0xf4, 0xa0, 0xff, 0xff, 0xf3, 0xaa,
    0xba, 0xce, 0xa7, 0xe9, 0xe2, 0xff, 0xff, 0x90,
    0xff, 0xff, 0xff, 0xff, 0xff, 0x92, 0x0, 0x0,
    0x0, 0x0, 0x0, 0x0, 0x0, 0x0, 0x0, 0x0,
    0x0, 0x0, 0x0, 0x0, 0x0, 0x0, 0x0, 0x0,
    0x0, 0x0, 0x0, 0x0, 0x0, 0x20, 0xf9, 0xff,
    0xff, 0xff, 0xff, 0xdf, 0xce, 0xb8, 0xfb, 0xb6,
    0xff, 0xff, 0xff, 0x90, 0xff, 0xff, 0xff, 0xff,
    0xff, 0xe4, 0x47, 0x40, 0x40, 0x40, 0x40, 0x40,
    0x40, 0x40, 0x40, 0x40, 0x40, 0x40, 0x40, 0x40,
    0x40, 0x40, 0x40, 0x40, 0x40, 0x40, 0x40, 0x40,
    0x40, 0xaf, 0xff, 0xff, 0xff, 0xff, 0xff, 0xff,
    0xcd, 0xdf, 0xca, 0xff, 0xff, 0xff, 0xff, 0x90,
    0xff, 0xff, 0xff, 0xff, 0xff, 0xff, 0xff, 0xff,
    0xff, 0xff, 0xff, 0xff, 0xff, 0xff, 0xff, 0xff,
    0xff, 0xff, 0xff, 0xff, 0xff, 0xff, 0xff, 0xff,
    0xff, 0xff, 0xff, 0xff, 0xff, 0xff, 0xff, 0xff,
    0xff, 0xff, 0xff, 0xff, 0xff, 0xff, 0xff, 0xff,
    0xff, 0xff, 0xff, 0x90, 0xff, 0xff, 0xff, 0xff,
    0xff, 0xff, 0xff, 0xff, 0xff, 0xff, 0xff, 0xff,
    0xff, 0xff, 0xff, 0xff, 0xff, 0xff, 0xff, 0xff,
    0xff, 0xff, 0xff, 0xff, 0xff, 0xff, 0xff, 0xff,
    0xff, 0xff, 0xff, 0xff, 0xff, 0xff, 0xff, 0xff,
    0xff, 0xff, 0xff, 0xff, 0xff, 0xff, 0xff, 0x90,
    0xff, 0xff, 0xff, 0xff, 0xff, 0xff, 0xff, 0xff,
    0xff, 0xff, 0xff, 0xff, 0xff, 0xff, 0xff, 0xff,
    0xff, 0xff, 0xff, 0xff, 0xff, 0xff, 0xff, 0xff,
    0xff, 0xff, 0xff, 0xff, 0xff, 0xff, 0xff, 0xff,
    0xff, 0xff, 0xff, 0xff, 0xff, 0xff, 0xff, 0xff,
    0xff, 0xff, 0xff, 0x90, 0xff, 0xff, 0xff, 0xff,
    0xff, 0xff, 0xff, 0xff, 0xff, 0xff, 0xff, 0xff,
    0xff, 0xff, 0xff, 0xff, 0xff, 0xff, 0xff, 0xff,
    0xff, 0xff, 0xff, 0xff, 0xff, 0xff, 0xff, 0xff,
    0xff, 0xff, 0xff, 0xff, 0xff, 0xff, 0xff, 0xff,
    0xff, 0xff, 0xff, 0xff, 0xff, 0xff, 0xff, 0x90,
    0xff, 0xff, 0xff, 0xff, 0xff, 0xff, 0xff, 0xff,
    0xff, 0xff, 0xff, 0xff, 0xff, 0xff, 0xff, 0xff,
    0xff, 0xff, 0xff, 0xff, 0xff, 0xff, 0xff, 0xff,
    0xff, 0xff, 0xff, 0xff, 0xff, 0xff, 0xff, 0xff,
    0xff, 0xff, 0xff, 0xff, 0xff, 0xff, 0xff, 0xff,
    0xff, 0xff, 0xff, 0x90, 0xff, 0xff, 0xff, 0xff,
    0xff, 0xff, 0xff, 0xff, 0xff, 0xff, 0xff, 0xff,
    0xff, 0xff, 0xff, 0xff, 0xff, 0xff, 0xff, 0xff,
    0xff, 0xff, 0xff, 0xff, 0xff, 0xff, 0xff, 0xff,
    0xff, 0xff, 0xff, 0xff, 0xff, 0xff, 0xff, 0xff,
    0xff, 0xff, 0xff, 0xff, 0xff, 0xff, 0xff, 0x90,

    /* U+0037 "7" */
    0xff, 0xff, 0xff, 0xff, 0xff, 0xff, 0xff, 0xff,
    0xff, 0xff, 0xff, 0xff, 0xff, 0xff, 0xff, 0xff,
    0xff, 0xff, 0xff, 0xff, 0xff, 0xff, 0xff, 0xff,
    0xff, 0xff, 0xff, 0xff, 0xff, 0xff, 0xff, 0xff,
    0xff, 0xff, 0xff, 0xff, 0xff, 0xff, 0xff, 0xff,
    0xff, 0xff, 0xff, 0x90, 0xff, 0xff, 0xff, 0xff,
    0xff, 0xff, 0xff, 0xff, 0xff, 0xff, 0xff, 0xff,
    0xff, 0xff, 0xff, 0xff, 0xff, 0xff, 0xff, 0xff,
    0xff, 0xff, 0xff, 0xff, 0xff, 0xff, 0xff, 0xff,
    0xff, 0xff, 0xff, 0xff, 0xff, 0xff, 0xff, 0xff,
    0xff, 0xff, 0xff, 0xff, 0xff, 0xff, 0xff, 0x90,
    0xff, 0xff, 0xff, 0xff, 0xff, 0xff, 0xff, 0xff,
    0xff, 0xff, 0xff, 0xff, 0xff, 0xff, 0xff, 0xff,
    0xff, 0xff, 0xff, 0xff, 0xff, 0xff, 0xff, 0xff,
    0xff, 0xff, 0xff, 0xff, 0xff, 0xff, 0xff, 0xff,
    0xff, 0xff, 0xff, 0xff, 0xff, 0xff, 0xff, 0xff,
    0xff, 0xff, 0xff, 0x90, 0xff, 0xff, 0xff, 0xff,
    0xff, 0xff, 0xff, 0xff, 0xff, 0xff, 0xff, 0xff,
    0xff, 0xff, 0xff, 0xff, 0xff, 0xff, 0xff, 0xff,
    0xff, 0xff, 0xff, 0xff, 0xff, 0xff, 0xff, 0xff,
    0xff, 0xff, 0xff, 0xff, 0xff, 0xff, 0xff, 0xff,
    0xff, 0xff, 0xff, 0xff, 0xff, 0xff, 0xff, 0x90,
    0xff, 0xff, 0xff, 0xff, 0xff, 0xff, 0xff, 0xff,
    0xff, 0xd8, 0x33, 0x24, 0x24, 0x24, 0x24, 0x24,
    0x24, 0x24, 0x24, 0x24, 0x24, 0x24, 0x24, 0x24,
    0x24, 0x24, 0x24, 0x24, 0x24, 0x24, 0x24, 0x24,
    0x24, 0x85, 0xff, 0xff, 0xff, 0xff, 0xff, 0xff,
    0xff, 0xff, 0xff, 0x90, 0xff, 0xff, 0xff, 0xff,
    0xff, 0xff, 0xff, 0xff, 0xff, 0x88, 0x0, 0x0,
    0x0, 0x0, 0x0, 0x0, 0x0, 0x0, 0x0, 0x0,
    0x0, 0x0, 0x0, 0x0, 0x0, 0x0, 0x0, 0x0,
    0x0, 0x0, 0x0, 0x0, 0x0, 0x4b, 0xfc, 0xff,
    0xff, 0xff, 0xff, 0xff, 0xff, 0xff, 0xff, 0x90,
    0xff, 0xff, 0xff, 0xff, 0xff, 0xff, 0xff, 0xde,
    0xe9, 0xff, 0x66, 0x0, 0x0, 0x0, 0x0, 0x0,
    0x0, 0x0, 0x0, 0x0, 0x0, 0x0, 0x0, 0x0,
    0x0, 0x0, 0x0, 0x0, 0x0, 0x0, 0x0, 0x0,
    0x5c, 0xfb, 0xf2, 0xff, 0xff, 0xff, 0xff, 0xff,
    0xff, 0xff, 0xff, 0x90, 0xff, 0xff, 0xff, 0xff,
    0xff, 0xff, 0xfc, 0xd2, 0xaf, 0xfe, 0xfc, 0x4f,
    0x0, 0x0, 0x0, 0x0, 0x0, 0x0, 0x0, 0x0,
    0x0, 0x0, 0x0, 0x0, 0x0, 0x0, 0x0, 0x0,
    0x0, 0x0, 0x0, 0x6e, 0xfe, 0xec, 0xff, 0xb6,
    0xff, 0xff, 0xff, 0xff, 0xff, 0xff, 0xff, 0x90,
    0xff, 0xff, 0xff, 0xff, 0xff, 0xff, 0xfb, 0xb9,
    0xd7, 0xb8, 0xf3, 0xf6, 0xb0, 0xb0, 0xb0, 0xb0,
    0xb0, 0xb0, 0xb0, 0xb0, 0xb0, 0xb0, 0xb0, 0xb0,
    0xb0, 0xb0, 0xb0, 0xb0, 0xb0, 0xb0, 0xba, 0xff,
    0xe3, 0xe9, 0xb1, 0xe7, 0xff, 0xff, 0xff, 0xff,
    0xff, 0xff, 0xff, 0x90, 0xff, 0xff, 0xff, 0xff,
    0xff, 0xff, 0xec, 0xbf, 0xb9, 0xd4, 0xc9, 0xff,
    0xff, 0xff, 0xff, 0xff, 0xff, 0xff, 0xff, 0xff,
    0xf9, 0xe1, 0xff, 0xff, 0xff, 0xff, 0xff, 0xff,
    0xff, 0xff, 0xff, 0xf3, 0xc2, 0xc4, 0xcf, 0xc6,
    0xff, 0xff, 0xff, 0xff, 0xff, 0xff, 0xff, 0x90,
    0xff, 0xff, 0xff, 0xff, 0xff, 0xff, 0xe2, 0xbc,
    0xb3, 0xd9, 0xbb, 0xee, 0xf2, 0xff, 0xff, 0xff,
    0xff, 0xff, 0xff, 0xff, 0xb6, 0xba, 0xde, 0xff,
    0xff, 0xff, 0xff, 0xff, 0xff, 0xfe, 0xd5, 0xd6,
    0xc7, 0xb9, 0xd5, 0xbd, 0xff, 0xff, 0xff, 0xff,
    0xff, 0xff, 0xff, 0x90, 0xff, 0xff, 0xff, 0xff,
    0xff, 0xff, 0xfc, 0xc0, 0xde, 0xb3, 0xf1, 0xfb,
    0xdf, 0xff, 0xff, 0xff, 0xff, 0xff, 0xff, 0xaf,
    0xdd, 0xbc, 0xb9, 0xf9, 0xff, 0xff, 0xff, 0xff,
    0xff, 0x6b, 0x9c, 0xf7, 0xb1, 0xea, 0xac, 0xf3,
    0xff, 0xff, 0xff, 0xff, 0xff, 0xff, 0xff, 0x90,
    0xff, 0xff, 0xff, 0xff, 0xff, 0xff, 0xe0, 0xd2,
    0xaf, 0xfe, 0xba, 0xd8, 0xd6, 0xfb, 0xff, 0xff,
    0xff, 0xff, 0xff, 0xff, 0xb4, 0xd4, 0xda, 0xff,
    0xff, 0xff, 0xff, 0xff, 0x77, 0x0, 0xb5, 0xd5,
    0xe0, 0xae, 0xfa, 0xc0, 0xff, 0xff, 0xff, 0xff,
    0xff, 0xff, 0xff, 0x90, 0xff, 0xff, 0xff, 0xff,
    0xff, 0xff, 0xe7, 0xbb, 0xcf, 0xaf, 0xf3, 0xf3,
    0xba, 0xda, 0xff, 0xff, 0xff, 0xff, 0xfc, 0xb2,
    0xd8, 0xbd, 0xc3, 0xff, 0xff, 0xff, 0xff, 0x83,
    0x0, 0x0, 0xce, 0xe7, 0xb3, 0xde, 0xac, 0xf4,
    0xff, 0xff, 0xff, 0xff, 0xff, 0xff, 0xff, 0x90,
    0xff, 0xff, 0xff, 0xff, 0xff, 0xff, 0xd6, 0xbe,
    0xb7, 0xd8, 0xdd, 0xe4, 0xbf, 0xb7, 0xd2, 0xff,
    0xff, 0xff, 0xee, 0xd2, 0xb9, 0xbc, 0xd0, 0xff,
    0xff, 0xff, 0x90, 0x0, 0x0, 0x0, 0xe3, 0xcb,
    0xbc, 0xbc, 0xcd, 0xdf, 0xff, 0xff, 0xff, 0xff,
    0xff, 0xff, 0xff, 0x90, 0xff, 0xff, 0xff, 0xff,
    0xff, 0xff, 0xd0, 0xc0, 0xb1, 0xda, 0xe6, 0xe3,
    0xc1, 0xb0, 0xd8, 0xbd, 0xff, 0xff, 0xdb, 0xd9,
    0xb6, 0xc2, 0xd0, 0xff, 0xff, 0x9c, 0x1, 0x0,
    0x0, 0x17, 0xfc, 0xc3, 0xc5, 0xc0, 0xd9, 0xe9,
    0xff, 0xff, 0xff, 0xff, 0xff, 0xff, 0xff, 0x90,
    0xff, 0xff, 0xff, 0xff, 0xff, 0xff, 0xc1, 0xc3,
    0xde, 0xb5, 0xfe, 0xfc, 0xc3, 0xe2, 0xae, 0xe4,
    0xc2, 0xff, 0xfd, 0xb8, 0xe7, 0xbd, 0xef, 0xff,
    0xa7, 0x2, 0x0, 0x0, 0xe, 0xcf, 0xfc, 0xc6,
    0xb2, 0xee, 0xb3, 0xfe, 0xff, 0xff, 0xff, 0xff,
    0xff, 0xff, 0xff, 0x90, 0xff, 0xff, 0xff, 0xff,
    0xff, 0xff, 0xe1, 0xce, 0xaa, 0xfe, 0xff, 0xff,
    0xff, 0xaa, 0xff, 0xad, 0xd8, 0xe6, 0xbe, 0xff,
    0xaa, 0xd6, 0xd8, 0xc0, 0x4, 0x0, 0x0, 0x8,
    0xc0, 0xff, 0xff, 0xcd, 0xde, 0xb2, 0xff, 0xff,
    0xff, 0xff, 0xff, 0xff, 0xff, 0xff, 0xff, 0x90,
    0xff, 0xff, 0xff, 0xff, 0xff, 0xf7, 0xae, 0xbc,
    0xd1, 0xb0, 0xff, 0xff, 0xff, 0xfb, 0xaf, 0xd5,
    0xba, 0xf8, 0xeb, 0xa7, 0xdb, 0xb5, 0xf5, 0x81,
    0x0, 0x0, 0x5, 0xb6, 0xff, 0xff, 0xe8, 0xba,
    0xae, 0xe1, 0xab, 0xff, 0xff, 0xff, 0xff, 0xff,
    0xff, 0xff, 0xff, 0x90, 0xff, 0xff, 0xff, 0xff,
    0xff, 0xfc, 0xbe, 0xc0, 0xb8, 0xd3, 0xff, 0xff,
    0xff, 0xff, 0xec, 0xbd, 0xbf, 0xeb, 0xca, 0xd2,
    0xc3, 0xbf, 0xe5, 0x67, 0x0, 0x1, 0xa2, 0xff,
    0xff, 0xff, 0xf1, 0xbb, 0xc1, 0xc7, 0xd1, 0xff,
    0xff, 0xff, 0xff, 0xff, 0xff, 0xff, 0xff, 0x90,
    0xff, 0xff, 0xff, 0xff, 0xff, 0xfc, 0xcb, 0xba,
    0xaf, 0xdc, 0xff, 0xff, 0xff, 0xff, 0xfc, 0xc4,
    0xc0, 0xf7, 0xbd, 0xe2, 0xb0, 0xbf, 0xdf, 0x4d,
    0x0, 0x90, 0xff, 0xff, 0xff, 0xff, 0xf6, 0xbe,
    0xc3, 0xb4, 0xda, 0xff, 0xff, 0xff, 0xff, 0xff,
    0xff, 0xff, 0xff, 0x90, 0xff, 0xff, 0xff, 0xff,
    0xff, 0xf6, 0xb6, 0xc4, 0xdf, 0xc4, 0xff, 0xff,
    0xff, 0xff, 0xff, 0xf4, 0xcb, 0xff, 0xf4, 0xae,
    0xe6, 0xbc, 0xfe, 0x62, 0x85, 0xff, 0xff, 0xff,
    0xff, 0xff, 0xe6, 0xc1, 0xad, 0xf3, 0xc2, 0xff,
    0xff, 0xff, 0xff, 0xff, 0xff, 0xff, 0xff, 0x90,
    0xff, 0xff, 0xff, 0xff, 0xff, 0xf2, 0xe2, 0xd3,
    0xae, 0xff, 0xff, 0xff, 0xff, 0xff, 0xff, 0xff,
    0xff, 0xff, 0xae, 0xff, 0xb0, 0xd4, 0xf3, 0xff,
    0xff, 0xff, 0xff, 0xff, 0xff, 0xff, 0xeb, 0xd0,
    0xdf, 0xae, 0xff, 0xff, 0xff, 0xff, 0xff, 0xff,
    0xff, 0xff, 0xff, 0x90, 0xff, 0xff, 0xff, 0xff,
    0xff, 0xfc, 0xb2, 0xbe, 0xe9, 0xff, 0xfe, 0xfc,
    0xfb, 0xf8, 0xff, 0xf8, 0xfe, 0xff, 0xff, 0xb1,
    0xd2, 0xca, 0xff, 0xf8, 0xff, 0xf8, 0xfb, 0xfc,
    0xf8, 0xff, 0xef, 0xbe, 0xaa, 0xf9, 0xff, 0xff,
    0xff, 0xff, 0xff, 0xff, 0xff, 0xff, 0xff, 0x90,
    0xff, 0xff, 0xff, 0xff, 0xff, 0xff, 0xf0, 0xdf,
    0xff, 0xea, 0xd9, 0xc1, 0xc2, 0xbc, 0xcd, 0xc8,
    0xc1, 0xf8, 0xff, 0xff, 0xd2, 0xff, 0xd8, 0xc3,
    0xd0, 0xbe, 0xbd, 0xbe, 0xc8, 0xcc, 0xff, 0xe6,
    0xe9, 0xff, 0xff, 0xff, 0xff, 0xff, 0xff, 0xff,
    0xff, 0xff, 0xff, 0x90, 0xff, 0xff, 0xff, 0xff,
    0xff, 0xff, 0xff, 0xff, 0xd6, 0xe2, 0xb4, 0xc5,
    0xbe, 0xaf, 0xdf, 0xb3, 0xc6, 0xcd, 0xf8, 0xff,
    0xff, 0xdd, 0xc4, 0xb4, 0xe3, 0xb0, 0xc1, 0xc7,
    0xb3, 0xda, 0xb9, 0xff, 0xff, 0xff, 0xff, 0xff,
    0xff, 0xff, 0xff, 0xff, 0xff, 0xff, 0xff, 0x90,
    0xff, 0xff, 0xff, 0xff, 0xff, 0xff, 0xff, 0xff,
    0xfb, 0xb6, 0xf2, 0xbc, 0xc5, 0xe6, 0xb6, 0xeb,
    0xc1, 0xd0, 0xfa, 0xff, 0xff, 0xf2, 0xb8, 0xed,
    0xb2, 0xe7, 0xc6, 0xb8, 0xed, 0xae, 0xfa, 0xff,
    0xff, 0xff, 0xff, 0xff, 0xff, 0xff, 0xff, 0xff,
    0xff, 0xff, 0xff, 0x90, 0xff, 0xff, 0xff, 0xff,
    0xff, 0xff, 0xe8, 0xd5, 0xff, 0xff, 0xab, 0xd5,
    0xd1, 0xad, 0xff, 0xaa, 0xe1, 0xf2, 0xdf, 0x3c,
    0xdc, 0xfd, 0xed, 0xac, 0xff, 0xb6, 0xd3, 0xda,
    0xb8, 0xff, 0xff, 0xe0, 0xe6, 0xff, 0xff, 0xff,
    0xff, 0xff, 0xff, 0xff, 0xff, 0xff, 0xff, 0x90,
    0xff, 0xff, 0xff, 0xff, 0xff, 0xe4, 0xad, 0xbb,
    0xde, 0xff, 0xff, 0xff, 0xff, 0xff, 0xff, 0xff,
    0xff, 0xd2, 0x1a, 0x0, 0x23, 0xe8, 0xff, 0xff,
    0xff, 0xff, 0xff, 0xff, 0xff, 0xff, 0xd8, 0xbb,
    0xad, 0xeb, 0xff, 0xff, 0xff, 0xff, 0xff, 0xff,
    0xff, 0xff, 0xff, 0x90, 0xff, 0xff, 0xff, 0xff,
    0xff, 0xcb, 0xbe, 0xbf, 0xc0, 0xff, 0xff, 0xff,
    0xff, 0xff, 0xff, 0xff, 0xff, 0x45, 0x0, 0x0,
    0x0, 0x94, 0xff, 0xff, 0xff, 0xff, 0xff, 0xff,
    0xff, 0xff, 0xb8, 0xbb, 0xc1, 0xcb, 0xff, 0xff,
    0xff, 0xff, 0xff, 0xff, 0xff, 0xff, 0xff, 0x90,
    0xff, 0xff, 0xff, 0xff, 0xff, 0xb3, 0xcc, 0xbf,
    0xbd, 0xff, 0xff, 0xff, 0xff, 0xff, 0xff, 0xb4,
    0xff, 0x2c, 0x0, 0x0, 0x0, 0xa9, 0xff, 0xc3,
    0xff, 0xff, 0xff, 0xff, 0xff, 0xff, 0xa6, 0xc3,
    0xc7, 0xc3, 0xff, 0xff, 0xff, 0xff, 0xff, 0xff,
    0xff, 0xff, 0xff, 0x90, 0xff, 0xff, 0xff, 0xff,
    0xe7, 0xf7, 0xb0, 0xc1, 0xe7, 0xff, 0xff, 0xff,
    0xff, 0xff, 0xab, 0xed, 0xfb, 0x13, 0x0, 0x0,
    0x0, 0xc2, 0xbe, 0xf0, 0xdd, 0xff, 0xff, 0xff,
    0xff, 0xea, 0xe4, 0xc4, 0xb0, 0xf7, 0xff, 0xff,
    0xff, 0xff, 0xff, 0xff, 0xff, 0xff, 0xff, 0x90,
    0xff, 0xff, 0xff, 0xff, 0xff, 0xad, 0xdb, 0xcd,
    0xd8, 0xff, 0xff, 0xff, 0xfc, 0xb1, 0xf9, 0xac,
    0xfa, 0x1, 0x0, 0x0, 0x0, 0xdb, 0xfc, 0xb1,
    0xfa, 0xf2, 0xff, 0xff, 0xff, 0xfe, 0xb5, 0xcb,
    0xdc, 0xd9, 0xff, 0xff, 0xff, 0xff, 0xff, 0xff,
    0xff, 0xff, 0xff, 0x90, 0xff, 0xff, 0xff, 0xff,
    0xd7, 0xd7, 0xb5, 0xb8, 0xe9, 0xff, 0xff, 0xf3,
    0xba, 0xcf, 0xb4, 0xe0, 0xe2, 0x0, 0x0, 0x0,
    0x0, 0xf2, 0xb7, 0xd6, 0xb8, 0xe2, 0xff, 0xff,
    0xff, 0xd9, 0xc7, 0xb7, 0xb3, 0xf3, 0xff, 0xff,
    0xff, 0xff, 0xff, 0xff, 0xff, 0xff, 0xff, 0x90,
    0xff, 0xff, 0xff, 0xff, 0xd4, 0xc3, 0xb9, 0xb8,
    0xe9, 0xff, 0xfb, 0xbf, 0xbb, 0xbe, 0xcb, 0xcb,
    0xca, 0x0, 0x0, 0x0, 0xb, 0xff, 0xc8, 0xc0,
    0xcb, 0xbf, 0xd8, 0xff, 0xff, 0xd5, 0xbe, 0xb7,
    0xbb, 0xf2, 0xff, 0xff, 0xff, 0xff, 0xff, 0xff,
    0xff, 0xff, 0xff, 0x90, 0xff, 0xff, 0xff, 0xff,
    0xec, 0xb0, 0xc9, 0xbc, 0xf8, 0xff, 0xbb, 0xc9,
    0xc2, 0xae, 0xe6, 0xff, 0xb1, 0x0, 0x0, 0x0,
    0x26, 0xff, 0xf2, 0xb0, 0xe6, 0xa8, 0xc3, 0xdf,
    0xff, 0xe9, 0xa8, 0xbb, 0xc7, 0xfc, 0xff, 0xff,
    0xff, 0xff, 0xff, 0xff, 0xff, 0xff, 0xff, 0x90,
    0xff, 0xff, 0xff, 0xff, 0xae, 0xf2, 0xbb, 0xc4,
    0xe8, 0xc4, 0xf4, 0xbc, 0xc6, 0xe9, 0xff, 0xff,
    0x99, 0x0, 0x0, 0x0, 0x40, 0xff, 0xff, 0xfd,
    0xae, 0xe7, 0xc6, 0xbd, 0xfe, 0xae, 0xe4, 0xc9,
    0xb5, 0xf7, 0xff, 0xff, 0xff, 0xff, 0xff, 0xff,
    0xff, 0xff, 0xff, 0x90, 0xff, 0xff, 0xff, 0xff,
    0xf7, 0xb3, 0xdc, 0xc7, 0xfd, 0xf8, 0xab, 0xd9,
    0xd7, 0xff, 0xff, 0xff, 0x80, 0x0, 0x0, 0x0,
    0x5a, 0xff, 0xff, 0xff, 0xff, 0xb1, 0xce, 0xd7,
    0xff, 0xf8, 0xa3, 0xca, 0xd7, 0xff, 0xff, 0xff,
    0xff, 0xff, 0xff, 0xff, 0xff, 0xff, 0xff, 0x90,
    0xff, 0xff, 0xff, 0xff, 0xb8, 0xd5, 0xb3, 0xb5,
    0xee, 0xb9, 0xcf, 0xbf, 0xff, 0xff, 0xff, 0xff,
    0x68, 0x0, 0x0, 0x0, 0x72, 0xff, 0xff, 0xff,
    0xff, 0xea, 0xbc, 0xc5, 0xff, 0xbd, 0xcb, 0xbc,
    0xb6, 0xfc, 0xff, 0xff, 0xff, 0xff, 0xff, 0xff,
    0xff, 0xff, 0xff, 0x90, 0xff, 0xff, 0xff, 0xff,
    0xca, 0xc7, 0xbf, 0xba, 0xff, 0xcc, 0xd0, 0xff,
    0xff, 0xff, 0xff, 0xff, 0x4f, 0x0, 0x0, 0x0,
    0x8a, 0xff, 0xff, 0xff, 0xff, 0xff, 0xd8, 0xd6,
    0xff, 0xcb, 0xc2, 0xba, 0xc5, 0xff, 0xff, 0xff,
    0xff, 0xff, 0xff, 0xff, 0xff, 0xff, 0xff, 0x90,
    0xff, 0xff, 0xff, 0xe6, 0xe7, 0xad, 0xc9, 0xbe,
    0xff, 0xe9, 0xff, 0xff, 0xff, 0xff, 0xff, 0xff,
    0x5a, 0x0, 0x0, 0x5, 0xc3, 0xff, 0xff, 0xff,
    0xff, 0xff, 0xf7, 0xda, 0xe1, 0xe9, 0xa5, 0xbd,
    0xd1, 0xff, 0xff, 0xff, 0xff, 0xff, 0xff, 0xff,
    0xff, 0xff, 0xff, 0x90, 0xff, 0xff, 0xff, 0xff,
    0xae, 0xf9, 0xb8, 0xe2, 0xff, 0xff, 0xff, 0xff,
    0xff, 0xff, 0xff, 0xff, 0xf2, 0x32, 0x9, 0xb5,
    0xff, 0xff, 0xff, 0xff, 0xff, 0xff, 0xff, 0xff,
    0xff, 0xb1, 0xe8, 0xcb, 0xdd, 0xff, 0xff, 0xff,
    0xff, 0xdf, 0xfe, 0xff, 0xff, 0xff, 0xff, 0x90,
    0xff, 0xff, 0xff, 0xd3, 0xeb, 0xad, 0xda, 0xcd,
    0xff, 0xff, 0xff, 0xff, 0xff, 0xff, 0xff, 0xff,
    0xff, 0xe9, 0xc7, 0xff, 0xff, 0xff, 0xff, 0xff,
    0xff, 0xff, 0xff, 0xff, 0xcf, 0xf6, 0xab, 0xc7,
    0xdd, 0xff, 0xff, 0xd7, 0xc8, 0xd8, 0xa7, 0xf5,
    0xff, 0xff, 0xff, 0x90, 0xff, 0xff, 0xff, 0xe5,
    0xbe, 0xd4, 0xbe, 0xff, 0xe7, 0xff, 0xda, 0xee,
    0xed, 0xdb, 0xff, 0xde, 0xeb, 0xe9, 0xde, 0xff,
    0xd8, 0xe9, 0xec, 0xd7, 0xff, 0xde, 0xec, 0xef,
    0xff, 0xc5, 0xc7, 0xbc, 0xe9, 0xff, 0xf3, 0xc8,
    0xb8, 0xb3, 0xd8, 0xb7, 0xee, 0xff, 0xff, 0x90,
    0xff, 0xff, 0xff, 0xd3, 0xc6, 0xd6, 0xff, 0xda,
    0xc7, 0xc6, 0xc8, 0xb6, 0xbb, 0xc5, 0xc1, 0xc2,
    0xbd, 0xbd, 0xca, 0xc6, 0xca, 0xbb, 0xbc, 0xc9,
    0xc1, 0xbf, 0xbc, 0xb6, 0xf7, 0xff, 0xc5, 0xbd,
    0xee, 0xff, 0xcc, 0xb6, 0xb5, 0xb6, 0xcf, 0xc5,
    0xe5, 0xff, 0xff, 0x90, 0xff, 0xff, 0xff, 0xff,
    0xe6, 0xff, 0xe3, 0xc2, 0xa6, 0xe8, 0xa9, 0xc2,
    0xc2, 0xa9, 0xed, 0xae, 0xca, 0xc8, 0xb0, 0xed,
    0xab, 0xc7, 0xca, 0xae, 0xe7, 0xad, 0xc7, 0xca,
    0xad, 0xff, 0xfa, 0xf3, 0xff, 0xff, 0xf0, 0xa9,
    0xb9, 0xcf, 0xa8, 0xe3, 0xe1, 0xff, 0xff, 0x90,
    0xff, 0xff, 0xff, 0xff, 0xff, 0xf6, 0xb6, 0xc7,
    0xe6, 0xb5, 0xf6, 0xbd, 0xc9, 0xeb, 0xb6, 0xf1,
    0xc3, 0xc1, 0xec, 0xb3, 0xea, 0xc3, 0xbb, 0xf3,
    0xb2, 0xe6, 0xc8, 0xc1, 0xf2, 0xb4, 0xff, 0xff,
    0xff, 0xff, 0xff, 0xdf, 0xce, 0xb8, 0xfa, 0xb6,
    0xff, 0xff, 0xff, 0x90, 0xff, 0xff, 0xff, 0xff,
    0xff, 0xff, 0xe3, 0xcf, 0xae, 0xff, 0xa8, 0xd3,
    0xcf, 0xaf, 0xff, 0xb2, 0xd5, 0xd3, 0xb6, 0xff,
    0xa8, 0xd1, 0xd7, 0xa5, 0xff, 0xaa, 0xd3, 0xd9,
    0xa9, 0xff, 0xff, 0xff, 0xff, 0xff, 0xff, 0xff,
    0xcd, 0xdf, 0xca, 0xff, 0xff, 0xff, 0xff, 0x90,
    0xff, 0xff, 0xff, 0xff, 0xff, 0xff, 0xff, 0xff,
    0xff, 0xff, 0xff, 0xff, 0xff, 0xff, 0xff, 0xff,
    0xff, 0xff, 0xff, 0xff, 0xff, 0xff, 0xff, 0xff,
    0xff, 0xff, 0xff, 0xff, 0xff, 0xff, 0xff, 0xff,
    0xff, 0xff, 0xff, 0xff, 0xff, 0xff, 0xff, 0xff,
    0xff, 0xff, 0xff, 0x90, 0xff, 0xff, 0xff, 0xff,
    0xff, 0xff, 0xff, 0xff, 0xff, 0xff, 0xff, 0xff,
    0xff, 0xff, 0xff, 0xff, 0xff, 0xff, 0xff, 0xff,
    0xff, 0xff, 0xff, 0xff, 0xff, 0xff, 0xff, 0xff,
    0xff, 0xff, 0xff, 0xff, 0xff, 0xff, 0xff, 0xff,
    0xff, 0xff, 0xff, 0xff, 0xff, 0xff, 0xff, 0x90,
    0xff, 0xff, 0xff, 0xff, 0xff, 0xff, 0xff, 0xff,
    0xff, 0xff, 0xff, 0xff, 0xff, 0xff, 0xff, 0xff,
    0xff, 0xff, 0xff, 0xff, 0xff, 0xff, 0xff, 0xff,
    0xff, 0xff, 0xff, 0xff, 0xff, 0xff, 0xff, 0xff,
    0xff, 0xff, 0xff, 0xff, 0xff, 0xff, 0xff, 0xff,
    0xff, 0xff, 0xff, 0x90, 0xff, 0xff, 0xff, 0xff,
    0xff, 0xff, 0xff, 0xff, 0xff, 0xff, 0xff, 0xff,
    0xff, 0xff, 0xff, 0xff, 0xff, 0xff, 0xff, 0xff,
    0xff, 0xff, 0xff, 0xff, 0xff, 0xff, 0xff, 0xff,
    0xff, 0xff, 0xff, 0xff, 0xff, 0xff, 0xff, 0xff,
    0xff, 0xff, 0xff, 0xff, 0xff, 0xff, 0xff, 0x90,
    0xff, 0xff, 0xff, 0xff, 0xff, 0xff, 0xff, 0xff,
    0xff, 0xff, 0xff, 0xff, 0xff, 0xff, 0xff, 0xff,
    0xff, 0xff, 0xff, 0xff, 0xff, 0xff, 0xff, 0xff,
    0xff, 0xff, 0xff, 0xff, 0xff, 0xff, 0xff, 0xff,
    0xff, 0xff, 0xff, 0xff, 0xff, 0xff, 0xff, 0xff,
    0xff, 0xff, 0xff, 0x90, 0xff, 0xff, 0xff, 0xff,
    0xff, 0xff, 0xff, 0xff, 0xff, 0xff, 0xff, 0xff,
    0xff, 0xff, 0xff, 0xff, 0xff, 0xff, 0xff, 0xff,
    0xff, 0xff, 0xff, 0xff, 0xff, 0xff, 0xff, 0xff,
    0xff, 0xff, 0xff, 0xff, 0xff, 0xff, 0xff, 0xff,
    0xff, 0xff, 0xff, 0xff, 0xff, 0xff, 0xff, 0x90,

    /* U+0038 "8" */
    0xff, 0xff, 0xff, 0xff, 0xff, 0xff, 0xff, 0xff,
    0xff, 0xff, 0xff, 0xff, 0xff, 0xff, 0xff, 0xff,
    0xff, 0xff, 0xff, 0xff, 0xff, 0xff, 0xff, 0xff,
    0xff, 0xff, 0xff, 0xff, 0xff, 0xff, 0xff, 0xff,
    0xff, 0xff, 0xff, 0xff, 0xff, 0xff, 0xff, 0xff,
    0xff, 0xff, 0xff, 0x90, 0xff, 0xff, 0xff, 0xff,
    0xff, 0xff, 0xff, 0xff, 0xff, 0xff, 0xff, 0xff,
    0xff, 0xff, 0xff, 0xff, 0xff, 0xff, 0xff, 0xff,
    0xff, 0xff, 0xff, 0xff, 0xff, 0xff, 0xff, 0xff,
    0xff, 0xff, 0xff, 0xff, 0xff, 0xff, 0xff, 0xff,
    0xff, 0xff, 0xff, 0xff, 0xff, 0xff, 0xff, 0x90,
    0xff, 0xff, 0xff, 0xff, 0xff, 0xff, 0xff, 0xff,
    0xff, 0xff, 0xff, 0xff, 0xff, 0xff, 0xff, 0xff,
    0xff, 0xff, 0xff, 0xff, 0xff, 0xff, 0xff, 0xff,
    0xff, 0xff, 0xff, 0xff, 0xff, 0xff, 0xff, 0xff,
    0xff, 0xff, 0xff, 0xff, 0xff, 0xff, 0xff, 0xff,
    0xff, 0xff, 0xff, 0x90, 0xff, 0xff, 0xff, 0xff,
    0xff, 0xff, 0xff, 0xff, 0xff, 0xff, 0xff, 0xff,
    0xff, 0xff, 0xff, 0xff, 0xff, 0xff, 0xff, 0xff,
    0xff, 0xff, 0xff, 0xff, 0xff, 0xff, 0xff, 0xff,
    0xff, 0xff, 0xff, 0xff, 0xff, 0xff, 0xff, 0xff,
    0xff, 0xff, 0xff, 0xff, 0xff, 0xff, 0xff, 0x90,
    0xff, 0xff, 0xff, 0xff, 0xff, 0xff, 0xff, 0xff,
    0xff, 0xdc, 0x33, 0x24, 0x24, 0x24, 0x24, 0x24,
    0x24, 0x24, 0x24, 0x24, 0x24, 0x24, 0x24, 0x24,
    0x24, 0x24, 0x24, 0x24, 0x24, 0x24, 0x24, 0x24,
    0x24, 0x89, 0xff, 0xff, 0xff, 0xff, 0xff, 0xff,
    0xff, 0xff, 0xff, 0x90, 0xff, 0xff, 0xff, 0xff,
    0xff, 0xff, 0xff, 0xff, 0xff, 0x80, 0x0, 0x0,
    0x0, 0x0, 0x0, 0x0, 0x0, 0x0, 0x0, 0x0,
    0x0, 0x0, 0x0, 0x0, 0x0, 0x0, 0x0, 0x0,
    0x0, 0x0, 0x0, 0x0, 0x0, 0x3f, 0xfc, 0xff,
    0xff, 0xff, 0xff, 0xff, 0xff, 0xff, 0xff, 0x90,
    0xff, 0xff, 0xff, 0xff, 0xff, 0xff, 0xff, 0xc9,
    0xb5, 0xfd, 0x53, 0x0, 0x0, 0x0, 0x0, 0x0,
    0x0, 0x0, 0x0, 0x0, 0x0, 0x0, 0x0, 0x0,
    0x0, 0x0, 0x0, 0x0, 0x0, 0x0, 0x0, 0x0,
    0x46, 0xf5, 0xc1, 0xbd, 0xff, 0xff, 0xff, 0xff,
    0xff, 0xff, 0xff, 0x90, 0xff, 0xff, 0xff, 0xff,
    0xff, 0xff, 0xf2, 0xc, 0xb, 0xcb, 0xf7, 0x38,
    0x0, 0x0, 0x0, 0x0, 0x0, 0x0, 0x0, 0x0,
    0x0, 0x0, 0x0, 0x0, 0x0, 0x0, 0x0, 0x0,
    0x0, 0x0, 0x0, 0x51, 0xf9, 0xb2, 0x8, 0x16,
    0xff, 0xff, 0xff, 0xff, 0xff, 0xff, 0xff, 0x90,
    0xff, 0xff, 0xff, 0xff, 0xff, 0xff, 0xd7, 0x0,
    0x0, 0x17, 0xde, 0xea, 0x88, 0x88, 0x88, 0x88,
    0x88, 0x88, 0x88, 0x88, 0x88, 0x88, 0x88, 0x88,
    0x88, 0x88, 0x88, 0x88, 0x88, 0x88, 0x92, 0xfb,
    0xa2, 0x4, 0x0, 0x20, 0xff, 0xff, 0xff, 0xff,
    0xff, 0xff, 0xff, 0x90, 0xff, 0xff, 0xff, 0xff,
    0xff, 0xff, 0xbf, 0x0, 0x0, 0x0, 0x35, 0xff,
    0xff, 0xff, 0xff, 0xff, 0xff, 0xff, 0xff, 0xff,
    0xfd, 0xf1, 0xff, 0xff, 0xff, 0xff, 0xff, 0xff,
    0xff, 0xff, 0xff, 0xb9, 0x1, 0x0, 0x0, 0x3a,
    0xff, 0xff, 0xff, 0xff, 0xff, 0xff, 0xff, 0x90,
    0xff, 0xff, 0xff, 0xff, 0xff, 0xff, 0xa7, 0x0,
    0x0, 0x0, 0x31, 0xee, 0xf2, 0xff, 0xff, 0xff,
    0xff, 0xff, 0xff, 0xff, 0xc9, 0xb7, 0xe9, 0xff,
    0xff, 0xff, 0xff, 0xff, 0xff, 0xff, 0xf0, 0x8a,
    0x0, 0x0, 0x0, 0x51, 0xff, 0xff, 0xff, 0xff,
    0xff, 0xff, 0xff, 0x90, 0xff, 0xff, 0xff, 0xff,
    0xff, 0xff, 0x8e, 0x0, 0x0, 0x0, 0x4a, 0xfb,
    0xdf, 0xff, 0xff, 0xff, 0xff, 0xff, 0xff, 0xbd,
    0xc8, 0xb7, 0xb6, 0xfa, 0xff, 0xff, 0xff, 0xff,
    0xff, 0xde, 0xe8, 0x71, 0x0, 0x0, 0x0, 0x69,
    0xff, 0xff, 0xff, 0xff, 0xff, 0xff, 0xff, 0x90,
    0xff, 0xff, 0xff, 0xff, 0xff, 0xff, 0x76, 0x0,
    0x0, 0x0, 0x62, 0xd8, 0xd6, 0xfb, 0xff, 0xff,
    0xff, 0xff, 0xff, 0xf2, 0xb2, 0xcd, 0xd3, 0xff,
    0xff, 0xff, 0xff, 0xff, 0xd3, 0xf6, 0xd9, 0x59,
    0x0, 0x0, 0x0, 0x80, 0xff, 0xff, 0xff, 0xff,
    0xff, 0xff, 0xff, 0x90, 0xff, 0xff, 0xff, 0xff,
    0xff, 0xff, 0x5e, 0x0, 0x0, 0x0, 0x7f, 0xfe,
    0xc7, 0xec, 0xff, 0xff, 0xff, 0xff, 0xfc, 0xb1,
    0xea, 0xc6, 0xcc, 0xff, 0xff, 0xff, 0xff, 0xe9,
    0xfb, 0xa8, 0xfb, 0x41, 0x0, 0x0, 0x0, 0x98,
    0xff, 0xff, 0xff, 0xff, 0xff, 0xff, 0xff, 0x90,
    0xff, 0xff, 0xff, 0xff, 0xff, 0xff, 0x45, 0x0,
    0x0, 0x0, 0x96, 0xd9, 0xc3, 0xa9, 0xe9, 0xff,
    0xff, 0xff, 0xee, 0xe9, 0xaa, 0xc2, 0xc8, 0xff,
    0xff, 0xff, 0xf4, 0xbc, 0xac, 0xe8, 0xf2, 0x29,
    0x0, 0x0, 0x0, 0xb0, 0xff, 0xff, 0xff, 0xff,
    0xff, 0xff, 0xff, 0x90, 0xff, 0xff, 0xff, 0xff,
    0xff, 0xff, 0x2d, 0x0, 0x0, 0x0, 0xac, 0xeb,
    0xba, 0xc1, 0xc2, 0xd1, 0xff, 0xff, 0xe9, 0xc2,
    0xc7, 0xbd, 0xda, 0xff, 0xff, 0xf2, 0xd3, 0xcc,
    0xca, 0xc7, 0xff, 0x11, 0x0, 0x0, 0x0, 0xc7,
    0xff, 0xff, 0xff, 0xff, 0xff, 0xff, 0xff, 0x90,
    0xff, 0xff, 0xff, 0xff, 0xff, 0xff, 0x15, 0x0,
    0x0, 0x0, 0xcc, 0xf4, 0xbc, 0xcf, 0xb4, 0xd3,
    0xcb, 0xff, 0xef, 0xbe, 0xd3, 0xb9, 0xe5, 0xff,
    0xf3, 0xe3, 0xbb, 0xb4, 0xd5, 0xff, 0xf8, 0x0,
    0x0, 0x0, 0x0, 0xe2, 0xff, 0xff, 0xff, 0xff,
    0xff, 0xff, 0xff, 0x90, 0xff, 0xff, 0xff, 0xff,
    0xff, 0xfb, 0x1, 0x0, 0x0, 0x0, 0xe5, 0xff,
    0xfc, 0xa8, 0xf9, 0xab, 0xcf, 0xe6, 0xbe, 0xfa,
    0xa8, 0xd0, 0xd8, 0xf3, 0xff, 0xaa, 0xce, 0xd3,
    0xfe, 0xff, 0xe0, 0x0, 0x0, 0x0, 0x1, 0xfa,
    0xff, 0xff, 0xff, 0xff, 0xff, 0xff, 0xff, 0x90,
    0xff, 0xff, 0xff, 0xff, 0xff, 0xe4, 0x0, 0x0,
    0x0, 0x1, 0xfa, 0xff, 0xff, 0xfb, 0xae, 0xe8,
    0xba, 0xf8, 0xfe, 0xa7, 0xf0, 0xbe, 0xfe, 0xf1,
    0xae, 0xe9, 0xbc, 0xf9, 0xff, 0xff, 0xc8, 0x0,
    0x0, 0x0, 0x15, 0xff, 0xff, 0xff, 0xff, 0xff,
    0xff, 0xff, 0xff, 0x90, 0xff, 0xff, 0xff, 0xff,
    0xff, 0xcc, 0x0, 0x0, 0x0, 0x14, 0xff, 0xff,
    0xff, 0xff, 0xec, 0xae, 0xd0, 0xeb, 0xb7, 0xe8,
    0xb3, 0xc6, 0xdb, 0xcf, 0xd6, 0xae, 0xfa, 0xff,
    0xff, 0xff, 0xb0, 0x0, 0x0, 0x0, 0x2e, 0xff,
    0xff, 0xff, 0xff, 0xff, 0xff, 0xff, 0xff, 0x90,
    0xff, 0xff, 0xff, 0xff, 0xff, 0xb4, 0x0, 0x0,
    0x0, 0x2b, 0xff, 0xff, 0xff, 0xff, 0xfc, 0xc0,
    0xba, 0xf9, 0xd0, 0xcc, 0xc1, 0xbb, 0xe8, 0xc9,
    0xdc, 0xf3, 0xff, 0xff, 0xff, 0xff, 0x98, 0x0,
    0x0, 0x0, 0x46, 0xff, 0xff, 0xff, 0xff, 0xff,
    0xff, 0xff, 0xff, 0x90, 0xff, 0xff, 0xff, 0xff,
    0xff, 0x9b, 0x0, 0x0, 0x0, 0x41, 0xff, 0xff,
    0xff, 0xff, 0xff, 0xf4, 0xbe, 0xfd, 0xe1, 0xb6,
    0xd2, 0xb5, 0xf4, 0xe3, 0xe9, 0xff, 0xff, 0xff,
    0xff, 0xff, 0x7f, 0x0, 0x0, 0x0, 0x5b, 0xff,
    0xff, 0xff, 0xff, 0xff, 0xff, 0xff, 0xff, 0x90,
    0xff, 0xff, 0xff, 0xff, 0xff, 0x83, 0x0, 0x0,
    0x0, 0x5b, 0xff, 0xff, 0xff, 0xff, 0xff, 0xff,
    0xff, 0xff, 0xae, 0xf8, 0xae, 0xcf, 0xf3, 0xff,
    0xff, 0xff, 0xff, 0xff, 0xff, 0xff, 0x67, 0x0,
    0x0, 0x0, 0x77, 0xff, 0xff, 0xff, 0xff, 0xff,
    0xff, 0xff, 0xff, 0x90, 0xff, 0xff, 0xff, 0xff,
    0xff, 0xda, 0x16, 0x0, 0x21, 0xdb, 0xff, 0xff,
    0xff, 0xff, 0xff, 0xff, 0xff, 0xff, 0xff, 0xb1,
    0xe5, 0xca, 0xff, 0xff, 0xff, 0xff, 0xff, 0xff,
    0xff, 0xff, 0xc9, 0xc, 0x0, 0x31, 0xe8, 0xff,
    0xff, 0xff, 0xff, 0xff, 0xff, 0xff, 0xff, 0x90,
    0xff, 0xff, 0xff, 0xff, 0xff, 0xff, 0xce, 0x3e,
    0xe7, 0xd8, 0x21, 0x0, 0x0, 0x0, 0x0, 0x0,
    0x7, 0xbc, 0xff, 0xff, 0xc1, 0xfc, 0x69, 0x0,
    0x0, 0x0, 0x0, 0x0, 0x0, 0x53, 0xfc, 0xba,
    0x47, 0xf1, 0xff, 0xff, 0xff, 0xff, 0xff, 0xff,
    0xff, 0xff, 0xff, 0x90, 0xff, 0xff, 0xff, 0xff,
    0xff, 0xff, 0xff, 0xff, 0xc3, 0x12, 0x0, 0x0,
    0x0, 0x0, 0x0, 0x0, 0x0, 0xb, 0xc6, 0xff,
    0xf5, 0x4c, 0x0, 0x0, 0x0, 0x0, 0x0, 0x0,
    0x0, 0x0, 0x5f, 0xfe, 0xff, 0xff, 0xff, 0xff,
    0xff, 0xff, 0xff, 0xff, 0xff, 0xff, 0xff, 0x90,
    0xff, 0xff, 0xff, 0xff, 0xff, 0xff, 0xff, 0xff,
    0xbb, 0x6, 0x0, 0x0, 0x0, 0x0, 0x0, 0x0,
    0x0, 0x1e, 0xd3, 0xff, 0xf4, 0x39, 0x0, 0x0,
    0x0, 0x0, 0x0, 0x0, 0x0, 0x0, 0x7c, 0xff,
    0xff, 0xff, 0xff, 0xff, 0xff, 0xff, 0xff, 0xff,
    0xff, 0xff, 0xff, 0x90, 0xff, 0xff, 0xff, 0xff,
    0xff, 0xff, 0x90, 0x62, 0xfe, 0xac, 0x3, 0x0,
    0x0, 0x0, 0x0, 0x0, 0x2f, 0xe4, 0xff, 0xf5,
    0xff, 0xee, 0x2d, 0x0, 0x0, 0x0, 0x0, 0x0,
    0x3, 0x99, 0xff, 0x78, 0x81, 0xff, 0xff, 0xff,
    0xff, 0xff, 0xff, 0xff, 0xff, 0xff, 0xff, 0x90,
    0xff, 0xff, 0xff, 0xff, 0xfd, 0x70, 0x0, 0x0,
    0x72, 0xff, 0xff, 0xff, 0xff, 0xff, 0xff, 0xff,
    0xff, 0xff, 0xdf, 0xb8, 0xde, 0xff, 0xff, 0xff,
    0xff, 0xff, 0xff, 0xff, 0xff, 0xfc, 0x61, 0x0,
    0x0, 0x99, 0xff, 0xff, 0xff, 0xff, 0xff, 0xff,
    0xff, 0xff, 0xff, 0x90, 0xff, 0xff, 0xff, 0xff,
    0xcc, 0x0, 0x0, 0x0, 0x8, 0xff, 0xff, 0xff,
    0xff, 0xff, 0xff, 0xff, 0xff, 0xd2, 0xc4, 0xc8,
    0xc7, 0xda, 0xff, 0xff, 0xff, 0xff, 0xff, 0xff,
    0xff, 0xb8, 0x0, 0x0, 0x0, 0x25, 0xff, 0xff,
    0xff, 0xff, 0xff, 0xff, 0xff, 0xff, 0xff, 0x90,
    0xff, 0xff, 0xff, 0xff, 0xb4, 0x0, 0x0, 0x0,
    0x21, 0xff, 0xff, 0xff, 0xff, 0xff, 0xff, 0xb2,
    0xff, 0xdf, 0xa5, 0xea, 0xab, 0xf4, 0xff, 0xc0,
    0xff, 0xff, 0xff, 0xff, 0xff, 0xa0, 0x0, 0x0,
    0x0, 0x3a, 0xff, 0xff, 0xff, 0xff, 0xff, 0xff,
    0xff, 0xff, 0xff, 0x90, 0xff, 0xff, 0xff, 0xff,
    0x9d, 0x0, 0x0, 0x0, 0x39, 0xff, 0xff, 0xff,
    0xff, 0xff, 0xab, 0xef, 0xfb, 0xc3, 0xee, 0xae,
    0xf2, 0xe1, 0xbe, 0xf2, 0xdd, 0xff, 0xff, 0xff,
    0xff, 0x87, 0x0, 0x0, 0x0, 0x56, 0xff, 0xff,
    0xff, 0xff, 0xff, 0xff, 0xff, 0xff, 0xff, 0x90,
    0xff, 0xff, 0xff, 0xff, 0x85, 0x0, 0x0, 0x0,
    0x51, 0xff, 0xff, 0xff, 0xf7, 0xb0, 0xf2, 0xac,
    0xff, 0xd1, 0xb5, 0xf3, 0xae, 0xff, 0xf6, 0xb0,
    0xf3, 0xf3, 0xff, 0xff, 0xff, 0x6f, 0x0, 0x0,
    0x0, 0x6c, 0xff, 0xff, 0xff, 0xff, 0xff, 0xff,
    0xff, 0xff, 0xff, 0x90, 0xff, 0xff, 0xff, 0xff,
    0x6d, 0x0, 0x0, 0x0, 0x69, 0xff, 0xff, 0xf3,
    0xbf, 0xcb, 0xbc, 0xda, 0xfa, 0xb8, 0xcb, 0xbf,
    0xc6, 0xf7, 0xbb, 0xd0, 0xbf, 0xdc, 0xff, 0xff,
    0xff, 0x57, 0x0, 0x0, 0x0, 0x86, 0xff, 0xff,
    0xff, 0xff, 0xff, 0xff, 0xff, 0xff, 0xff, 0x90,
    0xff, 0xff, 0xff, 0xff, 0x56, 0x0, 0x0, 0x0,
    0x82, 0xff, 0xfa, 0xb9, 0xb6, 0xc3, 0xc5, 0xd1,
    0xf7, 0xb9, 0xc7, 0xc2, 0xcf, 0xff, 0xc6, 0xc6,
    0xc5, 0xc3, 0xd4, 0xff, 0xff, 0x3e, 0x0, 0x0,
    0x0, 0x9c, 0xff, 0xff, 0xff, 0xff, 0xff, 0xff,
    0xff, 0xff, 0xff, 0x90, 0xff, 0xff, 0xff, 0xff,
    0x3e, 0x0, 0x0, 0x0, 0x9b, 0xff, 0xbb, 0xce,
    0xc6, 0xac, 0xec, 0xff, 0xda, 0xc7, 0xa5, 0xeb,
    0xab, 0xff, 0xf6, 0xb0, 0xec, 0xa6, 0xc6, 0xdd,
    0xff, 0x26, 0x0, 0x0, 0x0, 0xb6, 0xff, 0xff,
    0xff, 0xff, 0xff, 0xff, 0xff, 0xff, 0xff, 0x90,
    0xff, 0xff, 0xff, 0xff, 0x26, 0x0, 0x0, 0x0,
    0xb4, 0xc4, 0xf4, 0xbc, 0xc8, 0xec, 0xff, 0xff,
    0xff, 0xc6, 0xec, 0xb3, 0xff, 0xff, 0xff, 0xfd,
    0xae, 0xea, 0xc8, 0xbe, 0xfe, 0xd, 0x0, 0x0,
    0x0, 0xcf, 0xff, 0xff, 0xff, 0xff, 0xff, 0xff,
    0xff, 0xff, 0xff, 0x90, 0xff, 0xff, 0xff, 0xff,
    0xf, 0x0, 0x0, 0x0, 0xcd, 0xf2, 0xaa, 0xd3,
    0xd7, 0xff, 0xff, 0xff, 0xd8, 0xcf, 0xb0, 0xf4,
    0xb1, 0xff, 0xff, 0xff, 0xff, 0xae, 0xc7, 0xd1,
    0xf5, 0x0, 0x0, 0x0, 0x0, 0xe7, 0xff, 0xff,
    0xff, 0xff, 0xff, 0xff, 0xff, 0xff, 0xff, 0x90,
    0xff, 0xff, 0xff, 0xf7, 0x0, 0x0, 0x0, 0x0,
    0xe3, 0xc0, 0xc9, 0xc5, 0xff, 0xff, 0xff, 0xff,
    0xea, 0xbc, 0xd0, 0xbd, 0xdf, 0xff, 0xff, 0xff,
    0xff, 0xed, 0xbf, 0xc7, 0xdd, 0x0, 0x0, 0x0,
    0x2, 0xfc, 0xff, 0xff, 0xff, 0xff, 0xff, 0xff,
    0xff, 0xff, 0xff, 0x90, 0xff, 0xff, 0xff, 0xdf,
    0x0, 0x0, 0x0, 0x0, 0xf8, 0xc3, 0xd7, 0xff,
    0xff, 0xff, 0xff, 0xff, 0xe4, 0xbb, 0xc8, 0xbe,
    0xe3, 0xff, 0xff, 0xff, 0xff, 0xff, 0xdc, 0xd8,
    0xc4, 0x0, 0x0, 0x0, 0x17, 0xff, 0xff, 0xff,
    0xff, 0xff, 0xff, 0xff, 0xff, 0xff, 0xff, 0x90,
    0xff, 0xff, 0xff, 0xc7, 0x0, 0x0, 0x0, 0x12,
    0xff, 0xf1, 0xff, 0xff, 0xff, 0xff, 0xff, 0xff,
    0xd1, 0xc7, 0xac, 0xf0, 0xf5, 0xff, 0xff, 0xff,
    0xff, 0xff, 0xf7, 0xda, 0xac, 0x0, 0x0, 0x0,
    0x2f, 0xff, 0xff, 0xff, 0xff, 0xff, 0xff, 0xff,
    0xff, 0xff, 0xff, 0x90, 0xff, 0xff, 0xff, 0xb0,
    0x0, 0x0, 0x0, 0x29, 0xff, 0xff, 0xff, 0xff,
    0xff, 0xff, 0xff, 0xff, 0xff, 0xc4, 0xef, 0xf7,
    0xff, 0xff, 0xff, 0xff, 0xff, 0xff, 0xff, 0xff,
    0x93, 0x0, 0x0, 0x0, 0x47, 0xff, 0xff, 0xff,
    0xff, 0xdf, 0xfe, 0xff, 0xff, 0xff, 0xff, 0x90,
    0xff, 0xff, 0xff, 0x98, 0x0, 0x0, 0x0, 0x63,
    0xff, 0xff, 0xff, 0xff, 0xff, 0xff, 0xff, 0xff,
    0xff, 0xff, 0xf9, 0xff, 0xff, 0xff, 0xff, 0xff,
    0xff, 0xff, 0xff, 0xff, 0x9c, 0x0, 0x0, 0x0,
    0x5f, 0xff, 0xff, 0xd5, 0xc3, 0xd2, 0xa6, 0xee,
    0xff, 0xff, 0xff, 0x90, 0xff, 0xff, 0xff, 0x80,
    0x0, 0x0, 0x5d, 0xfb, 0xbd, 0x8c, 0x8c, 0x8c,
    0x8c, 0x8c, 0x8c, 0x8c, 0x8c, 0x8c, 0x8c, 0x8c,
    0x8c, 0x8c, 0x8c, 0x8c, 0x8c, 0x8c, 0x8c, 0xc0,
    0xff, 0x62, 0x0, 0x0, 0x76, 0xff, 0xf3, 0xc4,
    0xb8, 0xb8, 0xd3, 0xbe, 0xea, 0xff, 0xff, 0x90,
    0xff, 0xff, 0xff, 0x81, 0x0, 0x70, 0xfe, 0x9f,
    0x3, 0x0, 0x0, 0x0, 0x0, 0x0, 0x0, 0x0,
    0x0, 0x0, 0x0, 0x0, 0x0, 0x0, 0x0, 0x0,
    0x0, 0x0, 0x0, 0x8, 0xc4, 0xfb, 0x49, 0x0,
    0xa5, 0xff, 0xc7, 0xbb, 0xb8, 0xb9, 0xd5, 0xbf,
    0xe7, 0xff, 0xff, 0x90, 0xff, 0xff, 0xff, 0xf9,
    0xa3, 0xff, 0x8c, 0x1, 0x0, 0x0, 0x0, 0x0,
    0x0, 0x0, 0x0, 0x0, 0x0, 0x0, 0x0, 0x0,
    0x0, 0x0, 0x0, 0x0, 0x0, 0x0, 0x0, 0x0,
    0x11, 0xd5, 0xf4, 0xa0, 0xff, 0xff, 0xf3, 0xaa,
    0xba, 0xce, 0xa7, 0xe9, 0xe2, 0xff, 0xff, 0x90,
    0xff, 0xff, 0xff, 0xff, 0xff, 0x92, 0x0, 0x0,
    0x0, 0x0, 0x0, 0x0, 0x0, 0x0, 0x0, 0x0,
    0x0, 0x0, 0x0, 0x0, 0x0, 0x0, 0x0, 0x0,
    0x0, 0x0, 0x0, 0x0, 0x0, 0x20, 0xf9, 0xff,
    0xff, 0xff, 0xff, 0xdf, 0xce, 0xb8, 0xfb, 0xb6,
    0xff, 0xff, 0xff, 0x90, 0xff, 0xff, 0xff, 0xff,
    0xff, 0xe4, 0x47, 0x40, 0x40, 0x40, 0x40, 0x40,
    0x40, 0x40, 0x40, 0x40, 0x40, 0x40, 0x40, 0x40,
    0x40, 0x40, 0x40, 0x40, 0x40, 0x40, 0x40, 0x40,
    0x40, 0xaf, 0xff, 0xff, 0xff, 0xff, 0xff, 0xff,
    0xcd, 0xdf, 0xca, 0xff, 0xff, 0xff, 0xff, 0x90,
    0xff, 0xff, 0xff, 0xff, 0xff, 0xff, 0xff, 0xff,
    0xff, 0xff, 0xff, 0xff, 0xff, 0xff, 0xff, 0xff,
    0xff, 0xff, 0xff, 0xff, 0xff, 0xff, 0xff, 0xff,
    0xff, 0xff, 0xff, 0xff, 0xff, 0xff, 0xff, 0xff,
    0xff, 0xff, 0xff, 0xff, 0xff, 0xff, 0xff, 0xff,
    0xff, 0xff, 0xff, 0x90, 0xff, 0xff, 0xff, 0xff,
    0xff, 0xff, 0xff, 0xff, 0xff, 0xff, 0xff, 0xff,
    0xff, 0xff, 0xff, 0xff, 0xff, 0xff, 0xff, 0xff,
    0xff, 0xff, 0xff, 0xff, 0xff, 0xff, 0xff, 0xff,
    0xff, 0xff, 0xff, 0xff, 0xff, 0xff, 0xff, 0xff,
    0xff, 0xff, 0xff, 0xff, 0xff, 0xff, 0xff, 0x90,
    0xff, 0xff, 0xff, 0xff, 0xff, 0xff, 0xff, 0xff,
    0xff, 0xff, 0xff, 0xff, 0xff, 0xff, 0xff, 0xff,
    0xff, 0xff, 0xff, 0xff, 0xff, 0xff, 0xff, 0xff,
    0xff, 0xff, 0xff, 0xff, 0xff, 0xff, 0xff, 0xff,
    0xff, 0xff, 0xff, 0xff, 0xff, 0xff, 0xff, 0xff,
    0xff, 0xff, 0xff, 0x90, 0xff, 0xff, 0xff, 0xff,
    0xff, 0xff, 0xff, 0xff, 0xff, 0xff, 0xff, 0xff,
    0xff, 0xff, 0xff, 0xff, 0xff, 0xff, 0xff, 0xff,
    0xff, 0xff, 0xff, 0xff, 0xff, 0xff, 0xff, 0xff,
    0xff, 0xff, 0xff, 0xff, 0xff, 0xff, 0xff, 0xff,
    0xff, 0xff, 0xff, 0xff, 0xff, 0xff, 0xff, 0x90,
    0xff, 0xff, 0xff, 0xff, 0xff, 0xff, 0xff, 0xff,
    0xff, 0xff, 0xff, 0xff, 0xff, 0xff, 0xff, 0xff,
    0xff, 0xff, 0xff, 0xff, 0xff, 0xff, 0xff, 0xff,
    0xff, 0xff, 0xff, 0xff, 0xff, 0xff, 0xff, 0xff,
    0xff, 0xff, 0xff, 0xff, 0xff, 0xff, 0xff, 0xff,
    0xff, 0xff, 0xff, 0x90, 0xff, 0xff, 0xff, 0xff,
    0xff, 0xff, 0xff, 0xff, 0xff, 0xff, 0xff, 0xff,
    0xff, 0xff, 0xff, 0xff, 0xff, 0xff, 0xff, 0xff,
    0xff, 0xff, 0xff, 0xff, 0xff, 0xff, 0xff, 0xff,
    0xff, 0xff, 0xff, 0xff, 0xff, 0xff, 0xff, 0xff,
    0xff, 0xff, 0xff, 0xff, 0xff, 0xff, 0xff, 0x90,

    /* U+0039 "9" */
    0xff, 0xff, 0xff, 0xff, 0xff, 0xff, 0xff, 0xff,
    0xff, 0xff, 0xff, 0xff, 0xff, 0xff, 0xff, 0xff,
    0xff, 0xff, 0xff, 0xff, 0xff, 0xff, 0xff, 0xff,
    0xff, 0xff, 0xff, 0xff, 0xff, 0xff, 0xff, 0xff,
    0xff, 0xff, 0xff, 0xff, 0xff, 0xff, 0xff, 0xff,
    0xff, 0xff, 0xff, 0x90, 0xff, 0xff, 0xff, 0xff,
    0xff, 0xff, 0xff, 0xff, 0xff, 0xff, 0xff, 0xff,
    0xff, 0xff, 0xff, 0xff, 0xff, 0xff, 0xff, 0xff,
    0xff, 0xff, 0xff, 0xff, 0xff, 0xff, 0xff, 0xff,
    0xff, 0xff, 0xff, 0xff, 0xff, 0xff, 0xff, 0xff,
    0xff, 0xff, 0xff, 0xff, 0xff, 0xff, 0xff, 0x90,
    0xff, 0xff, 0xff, 0xff, 0xff, 0xff, 0xff, 0xff,
    0xff, 0xff, 0xff, 0xff, 0xff, 0xff, 0xff, 0xff,
    0xff, 0xff, 0xff, 0xff, 0xff, 0xff, 0xff, 0xff,
    0xff, 0xff, 0xff, 0xff, 0xff, 0xff, 0xff, 0xff,
    0xff, 0xff, 0xff, 0xff, 0xff, 0xff, 0xff, 0xff,
    0xff, 0xff, 0xff, 0x90, 0xff, 0xff, 0xff, 0xff,
    0xff, 0xff, 0xff, 0xff, 0xff, 0xff, 0xff, 0xff,
    0xff, 0xff, 0xff, 0xff, 0xff, 0xff, 0xff, 0xff,
    0xff, 0xff, 0xff, 0xff, 0xff, 0xff, 0xff, 0xff,
    0xff, 0xff, 0xff, 0xff, 0xff, 0xff, 0xff, 0xff,
    0xff, 0xff, 0xff, 0xff, 0xff, 0xff, 0xff, 0x90,
    0xff, 0xff, 0xff, 0xff, 0xff, 0xff, 0xff, 0xff,
    0xff, 0xdc, 0x33, 0x24, 0x24, 0x24, 0x24, 0x24,
    0x24, 0x24, 0x24, 0x24, 0x24, 0x24, 0x24, 0x24,
    0x24, 0x24, 0x24, 0x24, 0x24, 0x24, 0x24, 0x24,
    0x24, 0x89, 0xff, 0xff, 0xff, 0xff, 0xff, 0xff,
    0xff, 0xff, 0xff, 0x90, 0xff, 0xff, 0xff, 0xff,
    0xff, 0xff, 0xff, 0xff, 0xff, 0x80, 0x0, 0x0,
    0x0, 0x0, 0x0, 0x0, 0x0, 0x0, 0x0, 0x0,
    0x0, 0x0, 0x0, 0x0, 0x0, 0x0, 0x0, 0x0,
    0x0, 0x0, 0x0, 0x0, 0x0, 0x3f, 0xfc, 0xff,
    0xff, 0xff, 0xff, 0xff, 0xff, 0xff, 0xff, 0x90,
    0xff, 0xff, 0xff, 0xff, 0xff, 0xff, 0xff, 0xc9,
    0xb5, 0xfd, 0x53, 0x0, 0x0, 0x0, 0x0, 0x0,
    0x0, 0x0, 0x0, 0x0, 0x0, 0x0, 0x0, 0x0,
    0x0, 0x0, 0x0, 0x0, 0x0, 0x0, 0x0, 0x0,
    0x48, 0xf5, 0xc1, 0xbd, 0xff, 0xff, 0xff, 0xff,
    0xff, 0xff, 0xff, 0x90, 0xff, 0xff, 0xff, 0xff,
    0xff, 0xff, 0xf2, 0xc, 0xb, 0xcb, 0xf7, 0x38,
    0x0, 0x0, 0x0, 0x0, 0x0, 0x0, 0x0, 0x0,
    0x0, 0x0, 0x0, 0x0, 0x0, 0x0, 0x0, 0x0,
    0x0, 0x0, 0x0, 0x51, 0xf9, 0xb2, 0x8, 0x16,
    0xff, 0xff, 0xff, 0xff, 0xff, 0xff, 0xff, 0x90,
    0xff, 0xff, 0xff, 0xff, 0xff, 0xff, 0xd7, 0x0,
    0x0, 0x17, 0xde, 0xea, 0x88, 0x88, 0x88, 0x88,
    0x88, 0x88, 0x88, 0x88, 0x88, 0x88, 0x88, 0x88,
    0x88, 0x88, 0x88, 0x88, 0x88, 0x88, 0x92, 0xfb,
    0xa2, 0x4, 0x0, 0x20, 0xff, 0xff, 0xff, 0xff,
    0xff, 0xff, 0xff, 0x90, 0xff, 0xff, 0xff, 0xff,
    0xff, 0xff, 0xbf, 0x0, 0x0, 0x0, 0x35, 0xff,
    0xff, 0xff, 0xff, 0xff, 0xff, 0xff, 0xff, 0xff,
    0xfd, 0xf1, 0xff, 0xff, 0xff, 0xff, 0xff, 0xff,
    0xff, 0xff, 0xff, 0xb9, 0x1, 0x0, 0x0, 0x3a,
    0xff, 0xff, 0xff, 0xff, 0xff, 0xff, 0xff, 0x90,
    0xff, 0xff, 0xff, 0xff, 0xff, 0xff, 0xa7, 0x0,
    0x0, 0x0, 0x31, 0xee, 0xf2, 0xff, 0xff, 0xff,
    0xff, 0xff, 0xff, 0xff, 0xc9, 0xb7, 0xe9, 0xff,
    0xff, 0xff, 0xff, 0xff, 0xff, 0xff, 0xf1, 0x8a,
    0x0, 0x0, 0x0, 0x51, 0xff, 0xff, 0xff, 0xff,
    0xff, 0xff, 0xff, 0x90, 0xff, 0xff, 0xff, 0xff,
    0xff, 0xff, 0x8e, 0x0, 0x0, 0x0, 0x4a, 0xfb,
    0xe0, 0xff, 0xff, 0xff, 0xff, 0xff, 0xff, 0xbd,
    0xc8, 0xb7, 0xb6, 0xfa, 0xff, 0xff, 0xff, 0xff,
    0xff, 0xde, 0xe9, 0x71, 0x0, 0x0, 0x0, 0x69,
    0xff, 0xff, 0xff, 0xff, 0xff, 0xff, 0xff, 0x90,
    0xff, 0xff, 0xff, 0xff, 0xff, 0xff, 0x76, 0x0,
    0x0, 0x0, 0x62, 0xd8, 0xd6, 0xfb, 0xff, 0xff,
    0xff, 0xff, 0xff, 0xf2, 0xb2, 0xcd, 0xd3, 0xff,
    0xff, 0xff, 0xff, 0xff, 0xd3, 0xf6, 0xda, 0x59,
    0x0, 0x0, 0x0, 0x80, 0xff, 0xff, 0xff, 0xff,
    0xff, 0xff, 0xff, 0x90, 0xff, 0xff, 0xff, 0xff,
    0xff, 0xff, 0x5e, 0x0, 0x0, 0x0, 0x7f, 0xfe,
    0xc7, 0xec, 0xff, 0xff, 0xff, 0xff, 0xfc, 0xb1,
    0xea, 0xc6, 0xcc, 0xff, 0xff, 0xff, 0xff, 0xea,
    0xfb, 0xa8, 0xfb, 0x41, 0x0, 0x0, 0x0, 0x98,
    0xff, 0xff, 0xff, 0xff, 0xff, 0xff, 0xff, 0x90,
    0xff, 0xff, 0xff, 0xff, 0xff, 0xff, 0x45, 0x0,
    0x0, 0x0, 0x96, 0xd9, 0xc3, 0xa9, 0xe9, 0xff,
    0xff, 0xff, 0xee, 0xe9, 0xaa, 0xc2, 0xc8, 0xff,
    0xff, 0xff, 0xf4, 0xbc, 0xac, 0xe8, 0xf2, 0x29,
    0x0, 0x0, 0x0, 0xb0, 0xff, 0xff, 0xff, 0xff,
    0xff, 0xff, 0xff, 0x90, 0xff, 0xff, 0xff, 0xff,
    0xff, 0xff, 0x2d, 0x0, 0x0, 0x0, 0xac, 0xeb,
    0xba, 0xc1, 0xc2, 0xd1, 0xff, 0xff, 0xe9, 0xc2,
    0xc7, 0xbd, 0xda, 0xff, 0xff, 0xf0, 0xd3, 0xcc,
    0xca, 0xc7, 0xff, 0x11, 0x0, 0x0, 0x0, 0xc7,
    0xff, 0xff, 0xff, 0xff, 0xff, 0xff, 0xff, 0x90,
    0xff, 0xff, 0xff, 0xff, 0xff, 0xff, 0x15, 0x0,
    0x0, 0x0, 0xcc, 0xf4, 0xbc, 0xcf, 0xb4, 0xd3,
    0xcb, 0xff, 0xef, 0xbe, 0xd3, 0xb9, 0xe5, 0xff,
    0xf1, 0xe3, 0xbb, 0xb4, 0xd5, 0xff, 0xf8, 0x0,
    0x0, 0x0, 0x0, 0xe2, 0xff, 0xff, 0xff, 0xff,
    0xff, 0xff, 0xff, 0x90, 0xff, 0xff, 0xff, 0xff,
    0xff, 0xfb, 0x1, 0x0, 0x0, 0x0, 0xe5, 0xff,
    0xfc, 0xa8, 0xf9, 0xab, 0xcf, 0xe6, 0xbe, 0xfa,
    0xa8, 0xd0, 0xd8, 0xf4, 0xff, 0xaa, 0xce, 0xd3,
    0xfe, 0xff, 0xe0, 0x0, 0x0, 0x0, 0x1, 0xfa,
    0xff, 0xff, 0xff, 0xff, 0xff, 0xff, 0xff, 0x90,
    0xff, 0xff, 0xff, 0xff, 0xff, 0xe4, 0x0, 0x0,
    0x0, 0x1, 0xfa, 0xff, 0xff, 0xfb, 0xae, 0xe8,
    0xba, 0xf8, 0xfe, 0xa7, 0xf0, 0xbe, 0xfe, 0xf1,
    0xae, 0xe9, 0xbc, 0xf9, 0xff, 0xff, 0xc8, 0x0,
    0x0, 0x0, 0x15, 0xff, 0xff, 0xff, 0xff, 0xff,
    0xff, 0xff, 0xff, 0x90, 0xff, 0xff, 0xff, 0xff,
    0xff, 0xcc, 0x0, 0x0, 0x0, 0x14, 0xff, 0xff,
    0xff, 0xff, 0xec, 0xae, 0xd0, 0xeb, 0xb7, 0xe8,
    0xb3, 0xc6, 0xdb, 0xcf, 0xd6, 0xae, 0xfa, 0xff,
    0xff, 0xff, 0xb0, 0x0, 0x0, 0x0, 0x2e, 0xff,
    0xff, 0xff, 0xff, 0xff, 0xff, 0xff, 0xff, 0x90,
    0xff, 0xff, 0xff, 0xff, 0xff, 0xb4, 0x0, 0x0,
    0x0, 0x2b, 0xff, 0xff, 0xff, 0xff, 0xfc, 0xc0,
    0xba, 0xfa, 0xd0, 0xcc, 0xc1, 0xbb, 0xe8, 0xc9,
    0xdc, 0xf3, 0xff, 0xff, 0xff, 0xff, 0x98, 0x0,
    0x0, 0x0, 0x46, 0xff, 0xff, 0xff, 0xff, 0xff,
    0xff, 0xff, 0xff, 0x90, 0xff, 0xff, 0xff, 0xff,
    0xff, 0x9b, 0x0, 0x0, 0x0, 0x41, 0xff, 0xff,
    0xff, 0xff, 0xff, 0xf4, 0xc0, 0xfc, 0xe1, 0xb6,
    0xd2, 0xb5, 0xf4, 0xe3, 0xe9, 0xff, 0xff, 0xff,
    0xff, 0xff, 0x7f, 0x0, 0x0, 0x0, 0x5b, 0xff,
    0xff, 0xff, 0xff, 0xff, 0xff, 0xff, 0xff, 0x90,
    0xff, 0xff, 0xff, 0xff, 0xff, 0x83, 0x0, 0x0,
    0x0, 0x5b, 0xff, 0xff, 0xff, 0xff, 0xff, 0xff,
    0xff, 0xff, 0xae, 0xf8, 0xae, 0xcf, 0xf3, 0xff,
    0xff, 0xff, 0xff, 0xff, 0xff, 0xff, 0x67, 0x0,
    0x0, 0x0, 0x77, 0xff, 0xff, 0xff, 0xff, 0xff,
    0xff, 0xff, 0xff, 0x90, 0xff, 0xff, 0xff, 0xff,
    0xff, 0xda, 0x16, 0x0, 0x21, 0xdb, 0xff, 0xff,
    0xff, 0xff, 0xff, 0xff, 0xff, 0xff, 0xff, 0xb1,
    0xe5, 0xca, 0xff, 0xff, 0xff, 0xff, 0xff, 0xff,
    0xff, 0xff, 0xc9, 0xc, 0x0, 0x31, 0xe8, 0xff,
    0xff, 0xff, 0xff, 0xff, 0xff, 0xff, 0xff, 0x90,
    0xff, 0xff, 0xff, 0xff, 0xff, 0xff, 0xce, 0x3e,
    0xe7, 0xd8, 0x21, 0x0, 0x0, 0x0, 0x0, 0x0,
    0x7, 0xbc, 0xff, 0xff, 0xc1, 0xfc, 0x69, 0x0,
    0x0, 0x0, 0x0, 0x0, 0x0, 0x53, 0xfc, 0xba,
    0x47, 0xf1, 0xff, 0xff, 0xff, 0xff, 0xff, 0xff,
    0xff, 0xff, 0xff, 0x90, 0xff, 0xff, 0xff, 0xff,
    0xff, 0xff, 0xff, 0xff, 0xc3, 0x12, 0x0, 0x0,
    0x0, 0x0, 0x0, 0x0, 0x0, 0xb, 0xc6, 0xff,
    0xf5, 0x4c, 0x0, 0x0, 0x0, 0x0, 0x0, 0x0,
    0x0, 0x0, 0x5f, 0xfe, 0xff, 0xff, 0xff, 0xff,
    0xff, 0xff, 0xff, 0xff, 0xff, 0xff, 0xff, 0x90,
    0xff, 0xff, 0xff, 0xff, 0xff, 0xff, 0xff, 0xff,
    0xbb, 0x6, 0x0, 0x0, 0x0, 0x0, 0x0, 0x0,
    0x0, 0x1e, 0xd3, 0xff, 0xf4, 0x39, 0x0, 0x0,
    0x0, 0x0, 0x0, 0x0, 0x0, 0x0, 0x7c, 0xff,
    0xff, 0xff, 0xff, 0xff, 0xff, 0xff, 0xff, 0xff,
    0xff, 0xff, 0xff, 0x90, 0xff, 0xff, 0xff, 0xff,
    0xff, 0xff, 0xe8, 0xd2, 0xff, 0xac, 0x3, 0x0,
    0x0, 0x0, 0x0, 0x0, 0x2f, 0xe4, 0xff, 0xf5,
    0xff, 0xee, 0x2d, 0x0, 0x0, 0x0, 0x0, 0x0,
    0x3, 0x99, 0xff, 0x78, 0x81, 0xff, 0xff, 0xff,
    0xff, 0xff, 0xff, 0xff, 0xff, 0xff, 0xff, 0x90,
    0xff, 0xff, 0xff, 0xff, 0xff, 0xe0, 0xab, 0xba,
    0xd8, 0xff, 0xff, 0xff, 0xff, 0xff, 0xff, 0xff,
    0xff, 0xff, 0xdf, 0xb8, 0xde, 0xff, 0xff, 0xff,
    0xff, 0xff, 0xff, 0xff, 0xff, 0xfc, 0x61, 0x0,
    0x0, 0x99, 0xff, 0xff, 0xff, 0xff, 0xff, 0xff,
    0xff, 0xff, 0xff, 0x90, 0xff, 0xff, 0xff, 0xff,
    0xff, 0xcf, 0xbc, 0xbe, 0xc4, 0xff, 0xff, 0xff,
    0xff, 0xff, 0xff, 0xff, 0xff, 0xd2, 0xc4, 0xc8,
    0xc7, 0xda, 0xff, 0xff, 0xff, 0xff, 0xff, 0xff,
    0xff, 0xb8, 0x0, 0x0, 0x0, 0x25, 0xff, 0xff,
    0xff, 0xff, 0xff, 0xff, 0xff, 0xff, 0xff, 0x90,
    0xff, 0xff, 0xff, 0xff, 0xff, 0xb1, 0xcf, 0xc2,
    0xbe, 0xff, 0xff, 0xff, 0xff, 0xff, 0xff, 0xb2,
    0xff, 0xdf, 0xa5, 0xea, 0xab, 0xf4, 0xff, 0xc0,
    0xff, 0xff, 0xff, 0xff, 0xff, 0xa0, 0x0, 0x0,
    0x0, 0x3a, 0xff, 0xff, 0xff, 0xff, 0xff, 0xff,
    0xff, 0xff, 0xff, 0x90, 0xff, 0xff, 0xff, 0xff,
    0xe7, 0xf9, 0xb1, 0xc3, 0xe9, 0xff, 0xff, 0xff,
    0xff, 0xff, 0xab, 0xef, 0xfb, 0xc3, 0xee, 0xae,
    0xf2, 0xe1, 0xbe, 0xf2, 0xdd, 0xff, 0xff, 0xff,
    0xff, 0x87, 0x0, 0x0, 0x0, 0x56, 0xff, 0xff,
    0xff, 0xff, 0xff, 0xff, 0xff, 0xff, 0xff, 0x90,
    0xff, 0xff, 0xff, 0xff, 0xfc, 0xac, 0xd5, 0xc9,
    0xd6, 0xff, 0xff, 0xff, 0xf7, 0xb0, 0xf2, 0xac,
    0xff, 0xd1, 0xb0, 0xf3, 0xae, 0xff, 0xf6, 0xb0,
    0xf3, 0xf4, 0xff, 0xff, 0xff, 0x6f, 0x0, 0x0,
    0x0, 0x6c, 0xff, 0xff, 0xff, 0xff, 0xff, 0xff,
    0xff, 0xff, 0xff, 0x90, 0xff, 0xff, 0xff, 0xff,
    0xda, 0xd1, 0xb9, 0xb9, 0xea, 0xff, 0xff, 0xf3,
    0xbf, 0xcb, 0xbc, 0xda, 0xfa, 0xb8, 0xcb, 0xbf,
    0xc6, 0xf7, 0xbb, 0xd0, 0xbf, 0xdc, 0xff, 0xff,
    0xff, 0x57, 0x0, 0x0, 0x0, 0x86, 0xff, 0xff,
    0xff, 0xff, 0xff, 0xff, 0xff, 0xff, 0xff, 0x90,
    0xff, 0xff, 0xff, 0xff, 0xce, 0xca, 0xbb, 0xbc,
    0xe9, 0xff, 0xfa, 0xb9, 0xb6, 0xc3, 0xc5, 0xd1,
    0xf7, 0xb9, 0xc7, 0xc2, 0xcf, 0xff, 0xc6, 0xc6,
    0xc5, 0xc3, 0xd4, 0xff, 0xff, 0x3e, 0x0, 0x0,
    0x0, 0x9c, 0xff, 0xff, 0xff, 0xff, 0xff, 0xff,
    0xff, 0xff, 0xff, 0x90, 0xff, 0xff, 0xff, 0xff,
    0xf2, 0xb0, 0xc9, 0xba, 0xf8, 0xff, 0xbb, 0xce,
    0xc6, 0xac, 0xec, 0xff, 0xda, 0xc7, 0xa5, 0xeb,
    0xab, 0xff, 0xf6, 0xb0, 0xec, 0xa6, 0xc6, 0xdd,
    0xff, 0x26, 0x0, 0x0, 0x0, 0xb6, 0xff, 0xff,
    0xff, 0xff, 0xff, 0xff, 0xff, 0xff, 0xff, 0x90,
    0xff, 0xff, 0xff, 0xff, 0xae, 0xf2, 0xbb, 0xc6,
    0xe8, 0xc4, 0xf4, 0xbc, 0xc8, 0xec, 0xff, 0xff,
    0xff, 0xc6, 0xec, 0xb3, 0xff, 0xff, 0xff, 0xfd,
    0xae, 0xea, 0xc8, 0xbe, 0xfe, 0xd, 0x0, 0x0,
    0x0, 0xcf, 0xff, 0xff, 0xff, 0xff, 0xff, 0xff,
    0xff, 0xff, 0xff, 0x90, 0xff, 0xff, 0xff, 0xff,
    0xf0, 0xb2, 0xd6, 0xc0, 0xfa, 0xf2, 0xaa, 0xd3,
    0xd7, 0xff, 0xff, 0xff, 0xd8, 0xcf, 0xb0, 0xf4,
    0xb1, 0xff, 0xff, 0xff, 0xff, 0xae, 0xc7, 0xd1,
    0xf5, 0x0, 0x0, 0x0, 0x0, 0xe7, 0xff, 0xff,
    0xff, 0xff, 0xff, 0xff, 0xff, 0xff, 0xff, 0x90,
    0xff, 0xff, 0xff, 0xff, 0xbf, 0xd0, 0xb6, 0xb7,
    0xf0, 0xc0, 0xc9, 0xc5, 0xff, 0xff, 0xff, 0xff,
    0xea, 0xbc, 0xd0, 0xbd, 0xe6, 0xff, 0xff, 0xff,
    0xff, 0xed, 0xbf, 0xc7, 0xdd, 0x0, 0x0, 0x0,
    0x2, 0xfc, 0xff, 0xff, 0xff, 0xff, 0xff, 0xff,
    0xff, 0xff, 0xff, 0x90, 0xff, 0xff, 0xff, 0xff,
    0xc2, 0xcd, 0xbb, 0xbb, 0xff, 0xc3, 0xd7, 0xff,
    0xff, 0xff, 0xff, 0xff, 0xe4, 0xbb, 0xc8, 0xbe,
    0xdb, 0xff, 0xff, 0xff, 0xff, 0xff, 0xdc, 0xd8,
    0xc4, 0x0, 0x0, 0x0, 0x17, 0xff, 0xff, 0xff,
    0xff, 0xff, 0xff, 0xff, 0xff, 0xff, 0xff, 0x90,
    0xff, 0xff, 0xff, 0xe6, 0xf0, 0xae, 0xd1, 0xc3,
    0xff, 0xf1, 0xff, 0xff, 0xff, 0xff, 0xff, 0xff,
    0xd1, 0xc7, 0xac, 0xf0, 0xf5, 0xff, 0xff, 0xff,
    0xff, 0xff, 0xf7, 0xda, 0xac, 0x0, 0x0, 0x0,
    0x2f, 0xff, 0xff, 0xff, 0xff, 0xff, 0xff, 0xff,
    0xff, 0xff, 0xff, 0x90, 0xff, 0xff, 0xff, 0xff,
    0xae, 0xf9, 0xb8, 0xe3, 0xff, 0xff, 0xff, 0xff,
    0xff, 0xff, 0xff, 0xff, 0xff, 0xc4, 0xef, 0xf7,
    0xff, 0xff, 0xff, 0xff, 0xff, 0xff, 0xff, 0xff,
    0x93, 0x0, 0x0, 0x0, 0x47, 0xff, 0xff, 0xff,
    0xff, 0xdf, 0xfe, 0xff, 0xff, 0xff, 0xff, 0x90,
    0xff, 0xff, 0xff, 0xd3, 0xe5, 0xac, 0xd4, 0xcd,
    0xff, 0xff, 0xff, 0xff, 0xff, 0xff, 0xff, 0xff,
    0xff, 0xff, 0xfa, 0xff, 0xff, 0xff, 0xff, 0xff,
    0xff, 0xff, 0xff, 0xff, 0x9c, 0x0, 0x0, 0x0,
    0x5f, 0xff, 0xff, 0xd5, 0xc3, 0xd2, 0xa6, 0xee,
    0xff, 0xff, 0xff, 0x90, 0xff, 0xff, 0xff, 0xdf,
    0xc4, 0xcf, 0xc4, 0xff, 0xbd, 0x8c, 0x8c, 0x8c,
    0x8c, 0x8c, 0x8c, 0x8c, 0x8c, 0x8c, 0x8c, 0x8c,
    0x8c, 0x8c, 0x8c, 0x8c, 0x8c, 0x8c, 0x8c, 0xc0,
    0xff, 0x62, 0x0, 0x0, 0x76, 0xff, 0xf3, 0xc4,
    0xb8, 0xb8, 0xd3, 0xbe, 0xe8, 0xff, 0xff, 0x90,
    0xff, 0xff, 0xff, 0xd9, 0xc6, 0xdc, 0xff, 0x9f,
    0x3, 0x0, 0x0, 0x0, 0x0, 0x0, 0x0, 0x0,
    0x0, 0x0, 0x0, 0x0, 0x0, 0x0, 0x0, 0x0,
    0x0, 0x0, 0x0, 0x8, 0xc4, 0xfb, 0x49, 0x0,
    0xa5, 0xff, 0xc7, 0xbb, 0xb8, 0xb9, 0xd5, 0xbf,
    0xe7, 0xff, 0xff, 0x90, 0xff, 0xff, 0xff, 0xff,
    0xe6, 0xff, 0x8c, 0x1, 0x0, 0x0, 0x0, 0x0,
    0x0, 0x0, 0x0, 0x0, 0x0, 0x0, 0x0, 0x0,
    0x0, 0x0, 0x0, 0x0, 0x0, 0x0, 0x0, 0x0,
    0x11, 0xd5, 0xf4, 0xa0, 0xff, 0xff, 0xf3, 0xaa,
    0xba, 0xce, 0xa7, 0xe9, 0xe2, 0xff, 0xff, 0x90,
    0xff, 0xff, 0xff, 0xff, 0xff, 0x92, 0x0, 0x0,
    0x0, 0x0, 0x0, 0x0, 0x0, 0x0, 0x0, 0x0,
    0x0, 0x0, 0x0, 0x0, 0x0, 0x0, 0x0, 0x0,
    0x0, 0x0, 0x0, 0x0, 0x0, 0x20, 0xf9, 0xff,
    0xff, 0xff, 0xff, 0xdf, 0xce, 0xb8, 0xfb, 0xb6,
    0xff, 0xff, 0xff, 0x90, 0xff, 0xff, 0xff, 0xff,
    0xff, 0xe4, 0x47, 0x40, 0x40, 0x40, 0x40, 0x40,
    0x40, 0x40, 0x40, 0x40, 0x40, 0x40, 0x40, 0x40,
    0x40, 0x40, 0x40, 0x40, 0x40, 0x40, 0x40, 0x40,
    0x40, 0xaf, 0xff, 0xff, 0xff, 0xff, 0xff, 0xff,
    0xcd, 0xdf, 0xca, 0xff, 0xff, 0xff, 0xff, 0x90,
    0xff, 0xff, 0xff, 0xff, 0xff, 0xff, 0xff, 0xff,
    0xff, 0xff, 0xff, 0xff, 0xff, 0xff, 0xff, 0xff,
    0xff, 0xff, 0xff, 0xff, 0xff, 0xff, 0xff, 0xff,
    0xff, 0xff, 0xff, 0xff, 0xff, 0xff, 0xff, 0xff,
    0xff, 0xff, 0xff, 0xff, 0xff, 0xff, 0xff, 0xff,
    0xff, 0xff, 0xff, 0x90, 0xff, 0xff, 0xff, 0xff,
    0xff, 0xff, 0xff, 0xff, 0xff, 0xff, 0xff, 0xff,
    0xff, 0xff, 0xff, 0xff, 0xff, 0xff, 0xff, 0xff,
    0xff, 0xff, 0xff, 0xff, 0xff, 0xff, 0xff, 0xff,
    0xff, 0xff, 0xff, 0xff, 0xff, 0xff, 0xff, 0xff,
    0xff, 0xff, 0xff, 0xff, 0xff, 0xff, 0xff, 0x90,
    0xff, 0xff, 0xff, 0xff, 0xff, 0xff, 0xff, 0xff,
    0xff, 0xff, 0xff, 0xff, 0xff, 0xff, 0xff, 0xff,
    0xff, 0xff, 0xff, 0xff, 0xff, 0xff, 0xff, 0xff,
    0xff, 0xff, 0xff, 0xff, 0xff, 0xff, 0xff, 0xff,
    0xff, 0xff, 0xff, 0xff, 0xff, 0xff, 0xff, 0xff,
    0xff, 0xff, 0xff, 0x90, 0xff, 0xff, 0xff, 0xff,
    0xff, 0xff, 0xff, 0xff, 0xff, 0xff, 0xff, 0xff,
    0xff, 0xff, 0xff, 0xff, 0xff, 0xff, 0xff, 0xff,
    0xff, 0xff, 0xff, 0xff, 0xff, 0xff, 0xff, 0xff,
    0xff, 0xff, 0xff, 0xff, 0xff, 0xff, 0xff, 0xff,
    0xff, 0xff, 0xff, 0xff, 0xff, 0xff, 0xff, 0x90,
    0xff, 0xff, 0xff, 0xff, 0xff, 0xff, 0xff, 0xff,
    0xff, 0xff, 0xff, 0xff, 0xff, 0xff, 0xff, 0xff,
    0xff, 0xff, 0xff, 0xff, 0xff, 0xff, 0xff, 0xff,
    0xff, 0xff, 0xff, 0xff, 0xff, 0xff, 0xff, 0xff,
    0xff, 0xff, 0xff, 0xff, 0xff, 0xff, 0xff, 0xff,
    0xff, 0xff, 0xff, 0x90, 0xff, 0xff, 0xff, 0xff,
    0xff, 0xff, 0xff, 0xff, 0xff, 0xff, 0xff, 0xff,
    0xff, 0xff, 0xff, 0xff, 0xff, 0xff, 0xff, 0xff,
    0xff, 0xff, 0xff, 0xff, 0xff, 0xff, 0xff, 0xff,
    0xff, 0xff, 0xff, 0xff, 0xff, 0xff, 0xff, 0xff,
    0xff, 0xff, 0xff, 0xff, 0xff, 0xff, 0xff, 0x90
};


/*---------------------
 *  GLYPH DESCRIPTION
 *--------------------*/

static const lv_font_fmt_txt_glyph_dsc_t glyph_dsc[] = {
    {.bitmap_index = 0, .adv_w = 0, .box_w = 0, .box_h = 0, .ofs_x = 0, .ofs_y = 0} /* id = 0 reserved */,
    {.bitmap_index = 0, .adv_w = 696, .box_w = 44, .box_h = 54, .ofs_x = 0, .ofs_y = 0},
    {.bitmap_index = 2376, .adv_w = 696, .box_w = 44, .box_h = 54, .ofs_x = 0, .ofs_y = 0},
    {.bitmap_index = 4752, .adv_w = 696, .box_w = 44, .box_h = 54, .ofs_x = 0, .ofs_y = 0},
    {.bitmap_index = 7128, .adv_w = 696, .box_w = 44, .box_h = 54, .ofs_x = 0, .ofs_y = 0},
    {.bitmap_index = 9504, .adv_w = 696, .box_w = 44, .box_h = 54, .ofs_x = 0, .ofs_y = 0},
    {.bitmap_index = 11880, .adv_w = 696, .box_w = 44, .box_h = 54, .ofs_x = 0, .ofs_y = 0},
    {.bitmap_index = 14256, .adv_w = 696, .box_w = 44, .box_h = 54, .ofs_x = 0, .ofs_y = 0},
    {.bitmap_index = 16632, .adv_w = 696, .box_w = 44, .box_h = 54, .ofs_x = 0, .ofs_y = 0},
    {.bitmap_index = 19008, .adv_w = 696, .box_w = 44, .box_h = 54, .ofs_x = 0, .ofs_y = 0},
    {.bitmap_index = 21384, .adv_w = 696, .box_w = 44, .box_h = 54, .ofs_x = 0, .ofs_y = 0},
    {.bitmap_index = 23760, .adv_w = 696, .box_w = 44, .box_h = 54, .ofs_x = 0, .ofs_y = 0}
};

/*---------------------
 *  CHARACTER MAPPING
 *--------------------*/

static const uint8_t glyph_id_ofs_list_0[] = {
    0, 0, 1, 2, 3, 4, 5, 6,
    7, 8, 9, 10
};

/*Collect the unicode lists and glyph_id offsets*/
static const lv_font_fmt_txt_cmap_t cmaps[] =
{
    {
        .range_start = 46, .range_length = 12, .glyph_id_start = 1,
        .unicode_list = NULL, .glyph_id_ofs_list = glyph_id_ofs_list_0, .list_length = 12, .type = LV_FONT_FMT_TXT_CMAP_FORMAT0_FULL
    }
};



/*--------------------
 *  ALL CUSTOM DATA
 *--------------------*/

#if LVGL_VERSION_MAJOR == 8
/*Store all the custom data of the font*/
static  lv_font_fmt_txt_glyph_cache_t cache;
#endif

#if LVGL_VERSION_MAJOR >= 8
static const lv_font_fmt_txt_dsc_t font_dsc = {
#else
static lv_font_fmt_txt_dsc_t font_dsc = {
#endif
    .glyph_bitmap = glyph_bitmap,
    .glyph_dsc = glyph_dsc,
    .cmaps = cmaps,
    .kern_dsc = NULL,
    .kern_scale = 0,
    .cmap_num = 1,
    .bpp = 8,
    .kern_classes = 0,
    .bitmap_format = 0,
#if LVGL_VERSION_MAJOR == 8
    .cache = &cache
#endif
};



/*-----------------
 *  PUBLIC FONT
 *----------------*/

/*Initialize a public general font descriptor*/
#if LVGL_VERSION_MAJOR >= 8
const lv_font_t ui_font_robot = {
#else
lv_font_t ui_font_robot = {
#endif
    .get_glyph_dsc = lv_font_get_glyph_dsc_fmt_txt,    /*Function pointer to get glyph's data*/
    .get_glyph_bitmap = lv_font_get_bitmap_fmt_txt,    /*Function pointer to get glyph's bitmap*/
    .line_height = 54,          /*The maximum line height required by the font*/
    .base_line = 0,             /*Baseline measured from the bottom of the line*/
#if !(LVGL_VERSION_MAJOR == 6 && LVGL_VERSION_MINOR == 0)
    .subpx = LV_FONT_SUBPX_NONE,
#endif
#if LV_VERSION_CHECK(7, 4, 0) || LVGL_VERSION_MAJOR >= 8
    .underline_position = -8,
    .underline_thickness = 6,
#endif
    .dsc = &font_dsc,          /*The custom font data. Will be accessed by `get_glyph_bitmap/dsc` */
#if LV_VERSION_CHECK(8, 2, 0) || LVGL_VERSION_MAJOR >= 9
    .fallback = NULL,
#endif
    .user_data = NULL,
};



#endif /*#if UI_FONT_ROBOT*/

